Sentiment,RSI,EMAcross,MACD,WPR,ADX,CCI,CMO,ROC,Price.change
0,82.64327213,0.00891636,-6.317242566,0.3,13.45585616,93.33333333,-22.22222222,0.011976191,0
0,60.49567738,0.002610907,-6.017559612,0,14.35651623,197.037037,-3.03030303,0.029852963,1
1,60.49567738,0.001740605,-5.714473135,0.111111111,22.04731374,118.1434599,10.34482759,0.005934736,1
1,17.73072284,-0.01217293,-5.4499969,0.222222222,19.79903119,65.11627907,6.666666667,-0.011834458,1
-1,17.73072284,-0.008115287,-5.211597427,0.222222222,17.83986429,65.11627907,0,-0.005934736,1
0,8.085479056,-0.015410191,-5.019134088,0.666666667,16.4744088,-76.08695652,-6.666666667,-0.024097552,1
0,3.872412236,-0.023606794,-4.893217388,1,15.05608709,-233.3333333,-6.666666667,-0.055059777,1
0,2.784306868,-0.022404529,-4.825016963,1,14.23142146,-232.4324324,-40.74074074,-0.050010421,1
0,40.4397838,-0.004936353,-4.757505134,1,15.84324343,-183.9215686,-36,-0.025479085,0
-1,29.1491622,-0.009957569,-4.703328928,0.733333333,17.03001552,-86.5100087,-25.92592593,0.019048195,0
0,56.48492827,0.003361621,-4.620759094,0.666666667,17.81399692,-58.61513688,-18.51851852,0.031748698,0
1,75.43800925,0.015574414,-4.47498436,0.666666667,22.48831221,-50.3058104,-18.51851852,0.006269613,0
0,75.43800925,0.010382943,-4.286994893,0.666666667,20.88380105,-43.38624339,-23.07692308,0,0
1,75.43800925,0.006921962,-4.072598308,0.666666667,19.39365056,-38.00904977,-20,0,0
1,82.03872536,0.007947975,-3.833769212,0.4,18.44855367,27.31707317,-15.38461538,0.024692613,0
0,58.4693909,0.001965316,-3.593172037,0.214285714,21.96734596,69.13580247,-15.38461538,0.036813973,1
0,77.69432928,0.007976878,-3.33629528,0.307692308,20.36672225,45.56213018,-18.51851852,0,0
0,83.44272622,0.008651252,-3.065287906,0.153846154,24.0268389,91.30434783,-7.142857143,0,0
0,47.05955579,-0.000899166,-2.812118503,0,22.8201392,115.9235669,-3.448275862,0.018127385,1
0,47.05955579,-0.000599444,-2.576983436,0.25,20.34435038,53.50318471,0,-0.012121361,0
0,92.31225962,0.039600371,-2.243295478,0,32.24078867,251.1111111,52.63157895,0.069391993,1
0,76.05878108,0.019733581,-1.880184798,0.125,30.45868012,167.8362573,52.63157895,0.070617567,1
0,67.18659151,0.009822387,-1.523311957,0.2,28.74743479,124.8285322,52.63157895,-0.022599832,1
-1,75.69282347,0.013214925,-1.166901333,0.315789474,27.42020371,80.52287582,38.88888889,-0.017192401,0
0,42.57928911,-0.004523384,-0.864835988,0.210526316,28.33188335,86.16697136,40.54054054,0,1
0,28.53540157,-0.013015589,-0.639032369,0.473684211,26.1068444,18.91891892,23.80952381,-0.017493157,1
0,38.6524967,-0.005343726,-0.461964819,0.631578947,25.19365421,-27.45098039,15.55555556,-0.046792162,0
0,14.32202457,-0.030229151,-0.399487749,0.6,22.63562615,4.444444444,20.83333333,0,1
0,23.3666776,-0.016819434,-0.402047883,0.8,20.6304396,-47.95321637,6.382978723,0,1
0,17.7464347,-0.017879623,-0.463778212,1,19.04099752,-129.0322581,-9.803921569,-0.054394072,1
0,17.7464347,-0.011919748,-0.558667749,1,18.38717609,-152.9411765,-11.53846154,-0.055398779,0
0,35.26345265,-0.004613166,-0.658678711,0.904761905,18.92015959,-109.9099099,-11.53846154,-0.00623055,0
0,50.93654875,0.00025789,-0.745586296,0.80952381,19.69600906,-75.10548523,-9.433962264,0.025001302,0
0,50.93654875,0.000171926,-0.818097217,0.80952381,19.69600906,-71.60493827,-4,0.01242252,1
0,32.97422878,-0.003218716,-0.885735417,0.833333333,25.77012381,-73.63751584,-50,-0.00619197,1
0,56.16255515,0.001187523,-0.93506574,0.882352941,24.72038342,-73.97260274,-47.05882353,-0.01242252,0
0,91.49041314,0.027458349,-0.890231094,0.411764706,30.49683022,38.38383838,-17.07317073,0.042559614,0
0,93.46525382,0.024972232,-0.767630376,0.294117647,31.51278462,73.01587302,-7.317073171,0.060624622,0
0,93.46525382,0.016648155,-0.601333726,0,30.24044476,98.30508475,-10,0.017699577,0
0,61.40292,0.004432103,-0.434387195,0,30.36932333,95.55555556,2.857142857,0.005865119,0
0,74.51598179,0.009621402,-0.255840328,0,29.48717223,109.0909091,17.64705882,0.011628038,1
0,83.11884574,0.013080935,-0.060049375,0.066666667,30.10938755,90.19607843,6.25,0.00583092,0
0,83.11884574,0.008720623,0.136114643,0,31.32919924,120.3463203,27.27272727,0.017192401,1
0,90.40599445,0.012480415,0.340422894,0.222222222,33.5076239,62.92134831,35.48387097,0,0
0,54.87430859,0.00165361,0.519335513,0.125,29.76734196,80,53.33333333,-0.011428696,1
-1,42.38158693,-0.002230926,0.662319856,0.3125,28.07959903,33.41031563,35.48387097,-0.00583092,0
1,42.38158693,-0.001487284,0.773722717,0.3125,26.85001905,27.45098039,31.03448276,-0.017391743,0
1,8.313551362,-0.02765819,0.783078565,0.0625,22.5890488,96.6029724,39.39393939,0.023122417,1
1,8.313551362,-0.018438793,0.726002211,0.0625,19.29199698,97.14285714,43.75,0.023122417,1
0,1.893229062,-0.062292529,0.485893339,1,14.53290821,-230.1075269,9.523809524,-0.064919546,1
0,1.757502108,-0.044861686,0.13025285,1,12.42102992,-356.5811966,-38.7755102,-0.160839668,1
0,1.757502108,-0.029907791,-0.281786678,1,13.14204165,-214.1350211,-45.83333333,-0.102654154,0
0,15.40329848,-0.016605194,-0.698856249,0.964285714,14.60474798,-144.5528455,-45.83333333,0,0
0,10.87268104,-0.017736796,-1.117052574,0.928571429,14.29919113,-107.0157068,-42.85714286,0.01342302,1
0,38.15753844,-0.005157864,-1.492631704,1,15.83858071,-98.29222011,-51.02040816,-0.006734032,0
0,22.59446374,-0.013438576,-1.849900372,1,15.47918469,-81.6254417,-50,-0.01342302,0
0,68.11336569,0.014374283,-2.101902625,0.851851852,21.25218332,-49.78902954,-50,0.026668247,0
0,31.91650877,-0.020417145,-2.362819075,0.740740741,18.72679918,-26.32249841,-36.17021277,0.046212843,1
1,46.20926543,-0.00361143,-2.580249431,1,16.60221211,-80.62330623,-52.72727273,-0.047146778,0
0,32.54495205,-0.015740953,-2.79560464,0.9,15.56491988,-55.55555556,-41.81818182,-0.046212843,1
0,59.49464084,0.009506031,-2.929778865,1,14.58365506,-81.6362054,-45.76271186,-0.006920443,0
0,68.83341348,0.016337354,-2.967920388,0.838709677,16.31662431,-32.36009732,-43.33333333,0.006734032,0
0,76.84218842,0.020891569,-2.905643396,0.5,19.05457515,73.17554241,-32.30769231,0.067139303,0
0,83.28498993,0.023927713,-2.745829103,0,21.76440256,175,-12.28070175,0.052299499,0
0,83.28498993,0.015951809,-2.527141435,0,20.85148034,160.9195402,22.72727273,0.0319516,0
0,83.28498993,0.010634539,-2.277368136,0,20.3909283,138.8617886,27.27272727,0.01892801,0
0,83.28498993,0.007089693,-2.016100852,0,20.15126648,113.5964912,25.58139535,0.006269613,0
0,95.00660088,0.021393128,-1.705818531,0,23.99917581,94.83568075,23.80952381,0,0
0,66.87038288,0.007595419,-1.397879331,0,22.81514057,82.73572377,30,0,0
0,72.89151833,0.008396946,-1.094468875,0,23.21821497,106.5616798,34.88372093,0.018576386,0
0,88.52835565,0.022264631,-0.757496684,0,29.07249454,102.354399,30,0.024692613,0
0,37.12847664,-0.01182358,-0.495689847,0,25.88441237,126.2745098,31.70731707,0.030213779,1
1,37.12847664,-0.007882386,-0.293591135,0,23.15045678,118.8191882,74.19354839,0.024097552,1
0,37.12847664,-0.005254924,-0.138842634,0,20.7861106,112.8415301,71.42857143,0,1
0,89.34171875,0.063163384,0.176147329,0.473684211,27.23850042,-27.59211654,45.45454545,-0.055059777,0
0,95.25394293,0.108775589,0.76266604,0,35.59723326,347.7987421,73.13432836,0.164303051,0
0,96.20199425,0.092517059,1.531715745,0,34.98489475,234.3612335,71.875,0.229413164,0
0,96.83435039,0.075011373,2.396315869,0,37.16089953,172.9083665,72.30769231,0.029852963,0
0,97.1857707,0.056674249,3.277477453,0,34.55086867,145.25,73.91304348,0.048790164,0
0,98.4643337,0.071116166,4.191186448,0,37.22333535,123.8499646,75,0.047856021,0
0,98.79327727,0.060744111,5.089923889,0,36.90340516,130.3030303,78.57142857,0.073427469,0
0,60.14417715,0.013829407,5.847238589,0,34.36682691,113.5353535,79.06976744,0.063369614,0
0,77.00876129,0.042552938,6.536989343,0,33.37851614,99.02634593,79.06976744,0.00881063,0
0,68.33427611,0.021701959,7.111453788,0,31.89676044,89.49485919,78.31325301,0,0
0,58.45711361,0.007801306,7.547854746,0,30.44143735,80.80328906,78.04878049,0,1
0,48.04117364,-0.001465796,7.839821376,0.057971014,28.13720028,60.85910653,68.29268293,-0.017699577,0
0,48.04117364,-0.000977197,8.006368933,0.028985507,28.8275633,61.21568627,69.04761905,-0.00881063,0
0,76.4115257,0.019348535,8.110484592,0,29.04624389,62.9472693,69.76744186,0.017699577,1
1,81.4702861,0.01956569,8.164061679,0.066666667,29.2591865,45.90163934,84.81012658,0,0
0,90.57043428,0.033043793,8.206000727,0,33.40886213,54.83333333,71.42857143,0,0
0,52.15188203,0.002029196,8.173961395,0,31.30457497,72.52252252,71.42857143,0.01754431,0
0,52.15188203,0.001352797,8.077531524,0,29.78910703,78.97435897,68.42105263,0.00873368,0
0,26.68414506,-0.019098135,7.883769859,0,31.69748499,131.25,64.70588235,0.008658063,1
0,17.92882267,-0.026065424,7.592503869,1,27.91298435,-140.562249,26.31578947,-0.026433257,1
0,12.01531405,-0.030710282,7.209469676,1,24.73286845,-247.0588235,-25,-0.062242309,1
0,6.039371158,-0.047140188,6.714727703,1,22.97134737,-273.0496454,-47.36842105,-0.064538521,0
0,55.65931282,0.008573208,6.248117382,1,28.05884284,-186.2977602,-47.36842105,-0.037387532,0
0,39.86857791,-0.014284528,5.765617132,0.727272727,26.08575101,-87.70685579,-27.27272727,0.028170877,1
0,34.91572359,-0.016189685,5.27072731,1,24.5956668,-120.8835341,-36,0,0
0,73.86965153,0.04254021,4.899219609,0.636363636,31.06174071,-36.62790698,-11.11111111,0.009216655,0
0,76.506167,0.035026806,4.62706691,0.363636364,30.83156958,22.09072978,-3.448275862,0.064538521,0
0,83.84241596,0.043351204,4.463115446,0,31.92019366,108.8014981,9.090909091,0.070826053,0
1,91.65753717,0.068900803,4.448766311,0,35.42969767,138.358459,20,0.068992871,0
1,57.12167801,0.012600535,4.445965171,0,34.40181215,174.2616034,28.20512821,0.066139803,1
0,46.58904129,-0.004932976,4.411724386,0.3,31.10092268,82.08168643,9.090909091,-0.00836825,1
1,46.58904129,-0.003288651,4.349195084,0.5,29.5730055,30.43478261,0,-0.083381609,0
0,67.07730932,0.017807566,4.303489377,0.45,29.84948428,43.34650856,0,-0.025533302,0
0,42.57808776,-0.008128289,4.218981573,0.25,30.10509899,80.16877637,16.66666667,0.042559614,1
0,51.44514165,0.001247807,4.118594322,0.4,27.23571476,38.74538745,16.66666667,0.008583744,0
0,87.89510999,0.087498538,4.180532123,0,36.14050027,132.5757576,39.62264151,0.048790164,0
0,87.89510999,0.058332359,4.327414756,0,35.56691337,169.5380774,44.82758621,0.113023388,0
0,92.03475287,0.065554906,4.559086205,0,35.81109541,140.7407407,41.81818182,0.038915416,0
-1,92.94013089,0.050369937,4.8301574,0,35.64644245,159.0909091,54.38596491,0.037457563,0
0,94.73536229,0.046913291,5.122433772,0,35.98086428,136.1111111,51.85185185,0.044783603,1
0,95.57859158,0.037942194,5.409952035,0.045454545,35.88483432,107.4829932,46.15384615,0,0
0,96.43507482,0.031961463,5.676297563,0,36.90765132,113.4790528,44,0.014493007,0
0,97.74534258,0.034640975,5.923965074,0,34.65408749,102.3809524,41.66666667,0.028987537,0
0,97.74534258,0.023093984,6.130687106,0,35.42101684,107.1038251,39.13043478,0.028370697,0
0,98.40489728,0.022062656,6.296639413,0,36.6333229,102.9002781,60.97560976,0.028170877,1
1,98.40489728,0.014708437,6.412061163,0.035714286,34.70012138,85.55555556,73.68421053,0,1
1,98.40489728,0.009805625,6.473659691,0.037037037,32.8341244,79.60784314,72.97297297,-0.006968669,1
0,33.08198262,-0.00679625,6.459262354,0.111111111,31.91014269,55.43735225,60,-0.01408474,0
1,73.16398413,0.015469167,6.417312504,0.166666667,30.08656123,46.8847352,75,-0.01408474,0
0,29.29571718,-0.023020556,6.28737066,0,27.54385017,88.32391714,69.23076923,0.021053409,1
0,29.29571718,-0.015347037,6.094727404,0.384615385,24.89989852,-17.70114943,30.76923077,-0.014285957,0
0,44.31921325,-0.003564691,5.870456006,0.625,23.84354895,-38.38383838,30.76923077,-0.035339366,0
0,65.99544046,0.010956872,5.647547981,0.5,25.34541499,-20.68965517,18.18181818,0.007168489,0
0,65.99544046,0.007304582,5.423992667,0.25,27.43810057,35.8974359,21.73913043,0.021353124,0
0,23.98242196,-0.021796946,5.153466972,0.4,24.12959239,24.24242424,27.27272727,0.014184635,1
0,71.5405915,0.03213537,4.935945628,1,21.91608323,-103.030303,0,-0.021353124,0
0,82.96157923,0.054756913,4.807616288,0,25.07920267,215.3846154,26.66666667,0.041385216,0
0,86.26802896,0.049837942,4.751774569,0,26.26199551,205.8823529,24.13793103,0.076161361,0
0,91.3208288,0.059891961,4.775885642,0,28.80484865,191.8859649,26.66666667,0.026668247,0
0,54.03846235,0.006594641,4.781185173,0,26.77006087,196.4341085,41.17647059,0.045610511,1
0,76.78495386,0.057729761,4.84941412,0.222222222,26.60705349,106.2706271,26.31578947,0.006557401,0
0,83.06925726,0.065153174,4.982653868,0,28.08424055,157.8431373,45.45454545,0.02515856,0
1,84.6295479,0.050102116,5.145785354,0,29.54222751,143.4343434,47.82608696,0.063312279,0
1,90.91140032,0.066734744,5.356391481,0,30.90992319,124.3243243,45.45454545,0.018462063,0
1,93.902053,0.071156496,5.610506833,0,34.36170506,144.4444444,68.88888889,0.042048236,0
0,94.57186224,0.054104331,5.871694681,0,32.52470692,132.2222222,70.21276596,0.047628049,0
1,63.28891549,0.016069554,6.077300302,0,32.57696273,128.4313725,71.42857143,0.028987537,1
1,63.28891549,0.010713036,6.22163569,0,30.45731834,109.8321343,70.21276596,0.017291497,1
0,85.24789642,0.047142024,6.362477843,0.138888889,26.71362763,67.32745962,53.84615385,-0.028987537,0
0,93.28324288,0.084761349,6.552799146,0,29.92639691,113.3333333,68.42105263,0.016997576,0
0,94.85853212,0.076507566,6.772804378,0,29.39840215,147.0899471,67.85714286,0.089948237,1
1,94.85853212,0.051005044,6.980116985,0,27.5439009,129.5107034,66.66666667,0.043963123,1
0,70.1721812,0.020670029,7.131272569,0.03030303,26.2692039,109.2436975,62.26415094,-0.005390849,0
0,58.71250444,0.007113353,7.212046365,0,25.72731916,101.6949153,59.18367347,0,1
0,66.83633971,0.011408902,7.235633368,0.04,24.48719981,83.60071301,69.56521739,0,0
1,51.60533834,0.000939268,7.195538141,0.043478261,22.82817507,71.89542484,63.15789474,-0.005390849,0
1,51.60533834,0.000626179,7.100443042,0.045454545,21.27584111,62.41134752,61.11111111,0,0
-1,80.93365188,0.020417452,6.985472273,0.0625,22.42957095,54.09457901,60,0,0
0,28.71951988,-0.026388365,6.794612952,0,20.24075973,70,54.83870968,0.010752792,1
0,19.35459531,-0.037592243,6.524253954,0.235294118,18.49174883,11.88271605,33.33333333,-0.010869672,1
0,10.66248146,-0.058394829,6.15923241,0.470588235,16.75892635,-58.33333333,11.76470588,-0.043722811,1
0,10.66248146,-0.038929886,5.740066338,0.705882353,15.50700062,-125,0,-0.044700179,1
0,8.869921806,-0.032619924,5.286965607,1,15.20127138,-163.0681818,11.76470588,-0.028330507,1
1,59.69279818,0.011586717,4.869249274,1,14.01131071,-153.2338308,-18.51851852,-0.011494379,0
0,59.69279818,0.007724478,4.484508046,1,12.9219645,-118.4079602,-68.42105263,-0.005763705,0
0,59.69279818,0.005149652,4.130379465,0.642857143,13.99021607,-40.70921986,-33.33333333,0.028491956,0
0,77.0052814,0.016766435,3.822505309,0.642857143,13.29225778,-34.34343434,-30.43478261,0.028491956,0
0,29.49630813,-0.02215571,3.506166068,0.5,12.36239197,-6.91E-13,-25,0.011173301,1
0,21.52741147,-0.028103807,3.175118825,0.857142857,11.49629948,-68.29268293,-35.71428571,-0.016997576,0
0,61.01945956,0.014597462,2.890078482,0.785714286,12.82271161,-45.43859649,-31.03448276,-0.022472856,0
1,32.01664996,-0.030268359,2.588050484,0.714285714,11.91351808,-21.14803625,-26.66666667,0.011363759,1
0,17.47841268,-0.066845572,2.221470725,1,10.53453279,-108.3870968,-37.14285714,-0.022989518,1
0,44.48666184,-0.011230382,1.873894189,1,9.726258384,-193.6507937,-52.63157895,-0.05815592,0
0,62.7659815,0.025846412,1.598001044,0.769230769,12.80002495,-113.2850242,-35.13513514,-0.01169604,0
1,33.22620559,-0.042769058,1.295104276,0.615384615,11.71662539,-56.14035088,-20,0.029500664,1
0,33.22620559,-0.028512706,0.987827405,0.615384615,10.73785659,-49.39172749,-9.677419355,0.01169604,1
0,19.47665502,-0.05900847,0.635230436,1,9.587798222,-183.0339321,-26.31578947,-0.047628049,1
0,13.7759431,-0.066005647,0.232387774,1,8.74704758,-204.3715847,-33.33333333,-0.078590275,1
0,9.572996429,-0.070670431,-0.221270359,1,8.061858132,-185.840708,-39.13043478,-0.056441311,1
0,6.567463617,-0.073780288,-0.723562401,1,7.499499196,-176.7375887,-60.86956522,-0.058268908,1
0,2.277398592,-0.155853525,-1.390679714,1,6.415185656,-172.6176585,-65.38461538,-0.073611817,1
0,21.50551033,-0.077235683,-2.090029192,1,5.857792696,-183.1900669,-76.66666667,-0.112795494,0
0,20.0277467,-0.058157122,-2.783617551,0.976744186,8.066615508,-138.372093,-71.42857143,-0.064538521,0
0,33.69608319,-0.025438081,-3.414159668,0.976744186,7.66262742,-113.9618753,-74.54545455,0.007434978,0
1,56.16966768,0.009707946,-3.924497775,0.921052632,9.746071775,-88.61664114,-71.42857143,0.014706147,0
0,49.83532279,-0.000194703,-4.335976997,0.815789474,10.87429376,-58.65209472,-56.36363636,0.043485112,0
1,70.080051,0.026536865,-4.612032179,0.789473684,11.3767282,-46.36264929,-49.01960784,0.035846132,0
1,70.080051,0.017691243,-4.77863545,0.789473684,10.95702101,-39.30704898,-58.33333333,0.007067167,0
1,70.080051,0.011794162,-4.857346961,0.789473684,10.53833754,-31.77304965,-65.2173913,0,0
1,70.080051,0.007862775,-4.866045928,0.733333333,10.12181695,-22.53787879,-65.2173913,0,0
0,93.46060249,0.051908516,-4.743304729,0.48,15.88073569,45.382263,-39.53488372,0.034605529,0
0,96.73797444,0.074605678,-4.469058087,0.19047619,19.83536222,115.4334038,-19.04761905,0.061452779,0
0,77.3540733,0.036403785,-4.12573225,0,20.03268509,180.0829876,2.325581395,0.05942342,0
0,84.39120961,0.04426919,-3.716000328,0,19.64403975,165.2599388,17.94871795,0.038965969,0
0,88.09167629,0.042846127,-3.256993107,0,22.64007926,155.1098376,45.94594595,0.031548358,1
0,88.09167629,0.028564084,-2.784231847,0.038461538,22.73686524,117.8947368,92.85714286,0.01892801,0
0,95.42033653,0.059042723,-2.259788344,0,25.20539399,130.1282051,93.75,0.024541109,0
0,95.42033653,0.039361815,-1.726471819,0,24.13958227,122.5806452,94.11764706,0.042819997,1
1,96.27906732,0.032907877,-1.202446706,0.038461538,24.99376994,98.66666667,87.87878788,0.006042314,0
1,96.27906732,0.021938585,-0.709843473,0.04,23.6236149,86.82170543,86.20689655,-0.006006024,0
0,67.71172372,0.007959056,-0.271750598,0.04,23.07861997,78.54785479,85.71428571,0,0
0,67.71172372,0.005306038,0.109422046,0.04,21.47780226,70.44025157,85.71428571,0,0
0,86.17330471,0.016870692,0.454043706,0,23.10482263,73.30222913,86.20689655,0.006006024,0
0,86.17330471,0.011247128,0.756199303,0,24.42693324,99.01599016,87.5,0.023810649,0
0,86.17330471,0.007498085,1.013818185,0,22.35580747,95.40740741,85.18518519,0.017804625,1
0,97.15469137,0.03166539,1.266155657,0.142857143,20.98699358,63.75968992,68,-0.011834458,0
1,97.15469137,0.02111026,1.498403747,0,20.92593862,124.2206235,65.2173913,0.005865119,1
0,97.15469137,0.014073507,1.701951037,0.090909091,19.14077196,94.94949495,56.52173913,0.011834458,0
0,97.15469137,0.009382338,1.872553912,0,23.26071778,107.2072072,50,0,1
0,6.445816088,-0.087078441,1.875456705,0.333333333,19.94431588,35.8974359,42.85714286,-0.005899722,1
0,6.445816088,-0.058052294,1.768425393,1,17.46848057,-286.2745098,-28.57142857,-0.085417751,0
0,28.04095013,-0.025368196,1.61320392,0.928571429,17.98156142,-188.8157895,-33.33333333,-0.067303682,0
0,20.82900427,-0.030245464,1.412608651,0.857142857,20.28681104,-132.2222222,-25.92592593,0.012658397,1
0,55.31051733,0.006503024,1.229859166,0.928571429,20.69388073,-116.6666667,-28.57142857,0,0
0,75.3996902,0.037668683,1.113920971,0.857142857,20.83865501,-82.68839104,-24.13793103,0,0
1,93.09428058,0.151779122,1.226344973,0,32.44523076,131.6239316,23.40425532,0.1135547,0
0,93.09428058,0.101186081,1.469531321,0,29.4205147,112.7516779,21.73913043,0.10724553,0
0,93.09428058,0.067457387,1.775755484,0,26.73628605,101.320655,16.27906977,0,0
0,95.00780149,0.064971592,2.126634291,0,26.56819571,175,33.33333333,0.06029223,0
0,95.61528644,0.049981061,2.488910168,0,27.64188164,147.7777778,39.62264151,0.065597282,0
0,98.0749482,0.079987374,2.893807955,0,29.08243299,134.741784,39.62264151,0.021053409,0
0,99.01865721,0.106658249,3.363945626,0,32.37115978,141.2698413,49.15254237,0.05155781,0
0,83.64231623,0.057772166,3.820735169,0,31.36745953,133.1331331,51.61290323,0.055710607,1
0,88.84091099,0.065181444,4.267017763,0.043478261,29.59845654,103.4164358,51.61290323,0.010000083,0
1,60.16132809,0.016787629,4.636954428,0,28.72169746,103.1446541,88.88888889,0.009804,1
0,37.47700005,-0.02214158,4.886051256,0.085106383,26.83092375,75.68460812,75.43859649,0,1
0,13.33758105,-0.12142772,4.901903787,0.319148936,22.96430726,16.99779249,46.26865672,-0.075985907,1
0,11.2919653,-0.100951813,4.734271124,0.413043478,20.02070914,-19.28374656,40,-0.077558234,1
0,10.48770358,-0.073967876,4.440901683,0.821428571,18.86340521,-68.3908046,31.50684932,-0.043017385,1
0,37.28757484,-0.02264525,4.107990442,0.964285714,18.02197833,-101.9023987,1.694915254,-0.043963123,0
1,53.08848191,0.004903166,3.784115913,0.714285714,19.33997059,-52.94635004,12.12121212,0.016349138,0
0,68.80709541,0.029935444,3.508527888,0.703703704,21.89087524,-53.69318182,13.43283582,0.043963123,0
0,77.34642847,0.039956963,3.295108793,0.518518519,23.0702099,-9.523809524,4.918032787,0.031917603,0
1,77.34642847,0.026637975,3.124046593,0.481481481,22.48643628,-2.086438152,4.918032787,0.031748698,0
0,17.22474534,-0.095574683,2.836423509,1,19.32647659,-128.8830716,-21.62162162,-0.081789433,1
0,31.34996529,-0.043716455,2.509616776,1,18.39835814,-129.3447293,-37.14285714,-0.104203778,0
0,28.88538559,-0.03581097,2.160739171,0.84375,17.6381925,-79.3814433,-35.21126761,0.011299555,1
0,42.45669772,-0.010540647,1.828579076,0.875,18.20409938,-79.73856209,-34.28571429,0.022858138,0
0,42.45669772,-0.007027098,1.520049569,0.785714286,21.49530423,-51.51515152,-38.23529412,0.005602256,0
0,64.99959798,0.015315268,1.265250457,0.684210526,20.33461135,-42.25721785,-34.375,0.011236073,0
0,18.32827969,-0.076456488,0.940210301,0.315789474,17.03298502,54.90196078,-6.666666667,0.038360868,1
0,13.76621181,-0.077637659,0.549244525,1,14.18135982,-185.4700855,-27.27272727,-0.081440332,0
0,13.76621181,-0.051758439,0.134717129,1,13.54431944,-153.0054645,-23.28767123,-0.1198012,0
0,67.8248171,0.045494374,-0.165222964,0.925925926,20.43608156,-110.652921,-15.49295775,0.012048339,0
0,62.89623459,0.023662916,-0.386280309,0.592592593,19.07680864,-18.84057971,-12.32876712,0.064538521,1
0,75.98458199,0.049108611,-0.50026697,0.777777778,21.93203313,-60.6741573,-19.48051948,0.023669744,0
0,80.1795734,0.046072407,-0.522151257,0.481481481,22.43257371,37.0918053,-15,0.016901811,0
1,82.47545244,0.037381605,-0.475205463,0.285714286,20.41791665,66.94386694,-15,0.051293294,0
1,82.47545244,0.02492107,-0.386685158,0.095238095,22.07969647,104.7984645,11.76470588,0.027549952,0
1,26.73424239,-0.036719287,-0.347068829,0.095238095,20.24277452,92.63420724,16.92307692,0.021978907,1
1,26.73424239,-0.024479525,-0.339468194,0.095238095,18.57826093,82.74231678,10,0,1
0,9.21605351,-0.08298635,-0.441518715,0.476190476,16.39987958,-9.005847953,-1.492537313,-0.044451763,1
-1,6.615201458,-0.0819909,-0.643449622,1,14.93324089,-124.9621785,-20.51282051,-0.121185557,1
0,5.45963367,-0.067993933,-0.915910711,1,14.53332909,-108.2666667,-21.51898734,-0.08288766,1
1,5.45963367,-0.045329289,-1.217791877,1,14.22562903,-99.6941896,-34.24657534,-0.012345836,1
0,32.13369191,-0.016886193,-1.50194103,1,13.80591725,-100.5847953,-9.433962264,-0.01242252,0
0,15.61371696,-0.044590795,-1.804851946,0.958333333,13.17785824,-87.00564972,-7.407407407,0,1
0,15.61371696,-0.029727197,-2.100919671,1,12.76106977,-104.1666667,-17.85714286,-0.01892801,1
0,15.61371696,-0.019818131,-2.373511335,1,12.44320024,-93.71980676,-41.66666667,-0.031548358,0
0,7.649825656,-0.033212087,-2.641858647,0.964285714,11.91068506,-74.91940683,-31.81818182,0,1
0,6.095339308,-0.028808058,-2.898548647,1,11.38593409,-89.49771689,-65,-0.019418086,0
0,3.78682733,-0.032538706,-3.148934334,1,10.96956306,-83.19268636,-69.23076923,-0.025807884,0
0,38.64350792,-0.008359137,-3.356357959,1,11.50117237,-82.77634961,-88.57142857,0,1
0,66.19744062,0.014427242,-3.48890807,1,11.05027356,-91.80327869,-88.88888889,-0.006557401,0
0,45.68241296,-0.003715172,-3.580014918,0.833333333,11.49892152,-38.00904977,-70,0.019418086,1
0,37.06694349,-0.009143448,-3.642734932,0.818181818,11.13813979,-63.63636364,-64.70588235,0.013072082,0
0,73.9349529,0.027237701,-3.62578694,0.8,15.70808489,-55.39568345,-42.85714286,-0.012903405,0
0,82.93330254,0.038158468,-3.5212034,0.555555556,16.65574607,2.011494253,-27.27272727,0.012903405,0
0,49.05979936,-0.001227688,-3.399419464,0.111111111,15.76248082,119.7640118,-4,0.038221213,1
0,55.82578757,0.005848208,-3.255440342,0.444444444,15.23454425,42.62820513,-11.11111111,0.006389798,0
0,55.82578757,0.003898805,-3.09767839,0.25,16.82979428,88.42105263,-11.11111111,-0.012578782,0
1,79.87873685,0.02926587,-2.892186877,0.25,18.90142682,83.33333333,4.347826087,0.006349228,0
1,49.53521029,-0.00048942,-2.691086219,0,17.60775345,125.1515152,16.66666667,0.012578782,1
-1,49.53521029,-0.00032628,-2.497139228,0,16.3990146,109.8039216,13.04347826,0.012578782,1
0,31.55501208,-0.013550853,-2.332256661,0.125,15.09690392,70.58823529,30,-0.006269613,1
0,10.8599359,-0.055700569,-2.259749018,0.5,13.45347385,-19.35483871,13.04347826,-0.025317808,1
0,9.521771015,-0.043800379,-2.254729024,1,12.29991412,-196.1904762,-13.33333333,-0.064957896,0
0,33.94115071,-0.015866919,-2.26730319,0.818181818,14.5842922,-137.037037,-3.225806452,-0.03257617,0
-1,14.04305649,-0.057244613,-2.357813686,0.727272727,12.94640986,-93.33333333,-14.28571429,0.019934215,1
0,42.79081077,-0.011496409,-2.446594311,1,11.5495665,-221.3058419,-33.33333333,-0.061452779,0
1,54.26311818,0.005669061,-2.503572659,0.666666667,10.54689749,-99.24585219,-14.28571429,-0.026668247,0
0,54.26311818,0.003779374,-2.532092146,0.666666667,10.02613735,-82.24043716,-20,0.041385216,0
1,54.26311818,0.002519583,-2.535642498,0.666666667,9.519926678,-70.47619048,-33.33333333,0,0
1,88.69462926,0.061679722,-2.423401997,0.444444444,16.27300504,-12.96296296,-13.51351351,0.026668247,0
0,41.65581197,-0.018880186,-2.332881006,0.055555556,16.3169064,82.35294118,2.325581395,0.071691928,1
0,27.21987022,-0.05258679,-2.318624604,0.611111111,14.06469743,-48.63266814,-16.98113208,-0.019934215,1
0,21.60453484,-0.05505786,-2.380334739,0.888888889,12.9794371,-109.6124031,-28.57142857,-0.099090903,1
0,19.58444399,-0.043371907,-2.492918736,1,12.29814022,-138.4370016,-32.20338983,-0.055186416,1
0,17.17550036,-0.035581271,-2.637787436,1,11.74487621,-139.1812865,-32.20338983,-0.028170877,0
0,52.34541589,0.002945819,-2.746759579,0.894736842,14.10507588,-90.05847953,-24.13793103,0.007067167,0
0,58.89141966,0.008630546,-2.810648476,0.894736842,16.30004648,-75.2688172,-13.7254902,0.014184635,0
0,70.88814472,0.019087031,-2.814831144,0.789473684,15.65499888,-38.25136612,-13.7254902,0.013986242,0
-1,49.3050786,-0.000608646,-2.796814328,0.684210526,17.05886646,-1.208981002,-11.53846154,0.027779564,1
0,23.02093708,-0.033739097,-2.814481609,0.894736842,15.67853681,-68.9119171,0,-0.013986242,1
0,41.67612936,-0.009159398,-2.825709827,1,15.18241374,-101.9417476,-20.93023256,-0.049132689,0
0,41.67612936,-0.006106266,-2.826152323,0.9,14.52255592,-62.44931062,-15.55555556,-0.007067167,0
0,22.92540847,-0.024070844,-2.846996576,0.9,14.99102799,-56.56565657,-15.55555556,0.014285957,1
0,13.68785143,-0.036047229,-2.907248404,1,13.98119709,-101.9157088,-31.81818182,-0.021506205,1
0,7.579604449,-0.050698153,-3.028690073,1,12.89023527,-184.3137255,-60,-0.043485112,1
0,20.82854628,-0.027132102,-3.165325967,1,11.89099892,-257.8088578,-55.55555556,-0.067441281,0
0,57.43770089,0.008578599,-3.252083468,0.823529412,15.37763675,-143.5897436,-35.29411765,-0.022472856,0
0,79.14029777,0.045719066,-3.226920248,0.470588235,20.10652383,-23.33333333,-8.108108108,0.067441281,0
0,70.19247837,0.023812711,-3.136955338,0.294117647,19.22871236,32.3699422,2.564102564,0.065957968,0
0,77.74209721,0.029208474,-2.981096179,0.176470588,20.84450555,67.61363636,2.564102564,0.035590945,0
0,81.29523932,0.026138982,-2.773957938,0.176470588,19.20109076,65.17690875,2.564102564,0.01408474,0
0,81.29523932,0.017425988,-2.539248077,0.058823529,20.86764589,98.71794872,2.564102564,0.013889112,1
0,47.30984219,-0.001716008,-2.316359799,0.125,19.86608658,70.13487476,-7.692307692,0,1
0,79.47950001,0.032189328,-2.051007228,0.1875,18.43666137,51.25240848,0,-0.020906685,0
0,67.17543339,0.014792885,-1.779656409,0,17.31835889,107.6923077,18.91891892,0.020761991,0
0,39.59330347,-0.010138076,-1.548282926,0,17.48278899,95.1907131,14.28571429,0.027779564,1
0,72.93358676,0.033241282,-1.283736613,0.117647059,17.42286735,57.07434053,8.108108108,-0.013793322,0
0,39.90030698,-0.017839145,-1.07611981,0,16.14618459,93.33333333,24.32432432,0.006825965,1
0,32.53286895,-0.025226097,-0.934881434,0.222222222,14.78500246,25.36231884,21.05263158,-0.006968669,1
0,22.9840551,-0.036817398,-0.874142132,0.466666667,13.88460063,-58.55513308,31.42857143,-0.048790164,1
-1,32.84018777,-0.017878265,-0.854085736,1,13.19242808,-191.1894273,11.11111111,-0.050189745,0
1,32.84018777,-0.011918843,-0.858774264,1,12.68179646,-173.3333333,-6.666666667,-0.028987537,0
1,17.61970743,-0.027945896,-0.910843912,0.909090909,16.41500053,-121.2336892,-14.28571429,0.00732604,1
1,17.61970743,-0.018630597,-0.988162449,0.909090909,14.81856351,-97.403946,-23.07692308,0.00732604,1
0,3.192644627,-0.099087065,-1.225041242,1,12.52321132,-137.3263889,-33.33333333,-0.029631798,1
0,11.54922824,-0.059391376,-1.538152473,1,11.18991506,-220,-57.89473684,-0.10779657,0
0,11.54922824,-0.039594251,-1.881405119,0.958333333,10.93906973,-160.9756098,-51.35135135,-0.070067563,0
0,9.670906049,-0.033062834,-2.235157993,0.916666667,11.85982993,-124.8931624,-45.94594595,0.016129382,1
0,9.670906049,-0.022041889,-2.573617681,1,11.56621384,-118.387414,-65.71428571,-0.00809721,0
0,7.080081951,-0.02136126,-2.892595669,0.958333333,10.98068856,-90.15151515,-61.11111111,-0.008032172,1
0,33.71613393,-0.007574173,-3.165062179,1,10.54934255,-91.27640037,-61.11111111,-0.008163311,0
0,64.36289973,0.008283885,-3.362899821,0.857142857,15.12355842,-54.16666667,-61.11111111,0.008032172,0
0,38.00507122,-0.007810744,-3.52129947,0.666666667,13.58216353,-16.66666667,-42.85714286,0.048009219,1
1,38.00507122,-0.005207162,-3.639285876,0.866666667,12.23882816,-54.63851567,-44.44444444,-0.008032172,0
0,8.995364242,-0.050138108,-3.806655544,0.8,10.67537142,-36.20689655,-33.33333333,-0.023716527,1
0,21.78821183,-0.026758739,-3.976746111,1,9.488665364,-155.5555556,-47.61904762,-0.066691374,0
0,52.09316869,0.002160841,-4.093193514,0.80952381,14.27788079,-98.17073171,-37.77777778,-0.040821995,0
0,69.70241393,0.021440561,-4.122305086,0.705882353,13.78591235,-73.38709677,-34.7826087,0.042200354,0
0,80.4702948,0.034293707,-4.047137172,0.25,16.47757138,58.33333333,-17.39130435,0.040821995,0
0,80.4702948,0.022862471,-3.901253551,0.166666667,17.08891551,79.24528302,8.108108108,0.040491361,0
0,84.58042725,0.021908314,-3.696946387,0.166666667,16.65522367,71.47147147,5.555555556,0.00796817,0
0,84.58042725,0.014605543,-3.458267645,0.083333333,17.54231627,92.52873563,5.555555556,0.00790518,0
0,84.58042725,0.009737029,-3.202646464,0,18.19297498,105.1912568,14.28571429,0.015748357,1
0,96.61215164,0.039824686,-2.879162065,0.166666667,20.7856827,46.11330698,5.555555556,-0.00790518,0
0,78.28635502,0.019883124,-2.536415089,0,20.18183382,176.3358779,25,0.030771659,0
0,89.84444438,0.039922083,-2.144046744,0,23.14628001,159.0909091,21.05263158,0.054067221,0
0,64.21028097,0.013281388,-1.76159588,0,24.96933177,168,18.91891892,0.022472856,1
1,64.21028097,0.008854259,-1.401623154,0,22.70756124,130.8943089,33.33333333,0.01492565,1
0,64.21028097,0.005902839,-1.071593972,0,20.68932235,106.0606061,31.25,0,1
0,90.79680526,0.043935226,-0.702217427,0.266666667,18.42221039,38.3252818,55.55555556,-0.030077455,0
0,90.79680526,0.029290151,-0.326880143,0,19.53782994,150.5376344,62.5,0.036367644,1
0,71.01433334,0.012860101,0.020572252,0.066666667,19.06722449,120,56.25,0.05927661,0
0,87.43717901,0.035240067,0.379376981,0,20.592851,116.9398907,51.72413793,0,0
0,89.63864901,0.030160045,0.736386869,0,20.81512882,113.9784946,51.72413793,0.014285957,0
0,95.52285591,0.05344003,1.12901547,0,25.20844301,138.5083714,56.25,0.028170877,0
0,96.66069117,0.04896002,1.541811312,0,25.81115252,158.436214,60,0.048452383,0
0,96.66069117,0.032640013,1.940099868,0,27.94512155,132.4200913,58.82352941,0.027398974,0
0,98.77026302,0.061760009,2.369437229,0,29.72595783,169.3693694,72.97297297,0.033225648,0
0,75.06083275,0.027840006,2.765490224,0,27.26136237,153.435548,69.6969697,0.046212843,1
0,39.50209636,-0.014773329,3.057312387,0.083333333,25.32329905,107.0675105,58.82352941,0,1
0,47.03015356,-0.00318222,3.272072359,0.25,23.52241019,56.17977528,38.88888889,-0.039478811,0
0,39.63262456,-0.008788146,3.408509562,0.25,22.93686014,47.84313725,38.88888889,-0.026491615,0
0,58.98621011,0.007474569,3.502403037,0.25,23.64343106,40.31862745,38.88888889,0,0
1,79.09369329,0.031649713,3.599412941,0.375,26.64469365,31.54623155,56.25,0,0
0,82.34038032,0.027766475,3.694831882,0.125,26.48135044,87.5,48.14814815,0.026491615,0
0,85.67688567,0.02517765,3.785525712,0.133333333,26.99017445,83.02658487,53.84615385,0.026491615,0
0,90.85837902,0.030118433,3.880028083,0,24.09928537,137.1717172,58.62068966,0.025807884,0
0,34.5744069,-0.019921044,3.899314645,0,22.11521481,120,57.14285714,0.025807884,1
0,17.92159309,-0.053280696,3.798385426,0.777777778,19.41078685,-39.31623932,18.75,-0.045610511,1
0,9.724721731,-0.082187131,3.544329052,1,17.33535279,-125.203252,-6.25,-0.072639184,1
0,17.78273117,-0.048124754,3.209664446,1,15.38648418,-208.1632653,-21.05263158,-0.068992871,0
0,35.14869558,-0.018749836,2.855994508,0.882352941,18.75679379,-140,-31.42857143,-0.027779564,0
0,23.8256521,-0.032499891,2.469650811,0.823529412,17.75919832,-107.504363,-35.29411765,0.021202208,1
0,42.38586677,-0.00833326,2.099017941,1,16.26831675,-148.6265776,-40.54054054,-0.028573372,0
0,76.59794627,0.047777826,1.84036847,0.684210526,23.05247167,-52.71966527,-12.82051282,0.006968669,0
0,85.97033462,0.071851884,1.72606119,0.421052632,25.154997,15.62064156,0,0.076692621,0
0,85.97033462,0.047901256,1.703337527,0.105263158,24.90980579,85.34370947,12,0.073611817,0
1,94.3922914,0.098600837,1.840415609,0.052631579,29.65012894,84.77218225,13.7254902,0.045909701,0
1,95.24806259,0.079067225,2.084175296,0,30.11819232,165.2173913,22.80701754,0.068562671,0
0,77.50617618,0.03937815,2.354057766,0,29.51902593,141.4893617,24.13793103,0.068137805,1
1,82.41853395,0.039585433,2.639436424,0.034482759,28.48447395,116.1003236,16.36363636,0,1
0,62.08176288,0.013056956,2.891793607,0.068965517,28.10222249,96.17117117,14.28571429,-0.012048339,0
0,52.38691117,0.00203797,3.092725081,0,27.30727484,97.87234043,34.61538462,0.011976191,1
0,27.04572294,-0.02530802,3.20344511,0.066666667,23.90836803,73.75745527,40,0.006042314,0
0,78.2757152,0.069794653,3.373211594,0.033333333,29.32203537,70.53140097,60,-0.005970167,0
0,62.96935474,0.026529769,3.53204894,0,28.75861802,86.25356125,61.70212766,0.029675768,0
0,76.66085599,0.057686513,3.72465431,0,28.10682635,78.95760405,60.86956522,0.023669744,0
-1,78.63564036,0.045124342,3.927370477,0,27.23017321,119.3641618,82.60869565,0.028820439,0
0,78.63564036,0.030082895,4.115075837,0,26.45569037,139.1194969,80.48780488,0.034486176,1
0,66.05937397,0.013388596,4.263414302,0.045454545,25.92627692,117.6724138,72.97297297,0,0
0,66.05937397,0.008925731,4.368695868,0,26.15821957,111.062591,68.75,0,0
0,66.05937397,0.005950487,4.430821129,0,25.58306968,97.77777778,67.74193548,0.005665738,0
0,77.95729293,0.010633658,4.461230489,0,24.99130842,82.79569892,52.38095238,0,0
0,91.44795965,0.027089105,4.486974428,0,27.04368574,107.0707071,56.52173913,0.016807118,0
1,93.45179048,0.02472607,4.506483165,0,27.27324571,106.0606061,65.2173913,0.022347299,1
1,93.45179048,0.016484047,4.509989658,0,26.24179593,98.18754925,72.72727273,0.00554018,1
0,45.48868957,-0.002343969,4.474349116,0.2,25.21483919,46.66666667,45.45454545,-0.016713481,0
1,45.48868957,-0.001562646,4.405570702,0.071428571,25.20340903,81.78694158,63.63636364,-0.00554018,0
0,16.64921933,-0.021041764,4.282394722,0.1,23.51898289,77.77777778,61.9047619,0.011173301,1
0,10.18928992,-0.027361176,4.103797885,0.7,21.64916319,-108.8888889,13.04347826,-0.033901552,0
0,10.18928992,-0.018240784,3.890528091,0.714285714,20.76042838,-67.40740741,20,-0.022472856,1
0,37.47958678,-0.005493856,3.6669288,0.857142857,19.60480323,-97.84946237,-4.761904762,0.005730675,0
0,19.60645922,-0.016995904,3.422119162,0.857142857,19.90993584,-87.20538721,-10,-0.005698021,1
0,61.2182165,0.008669397,3.196289387,1,21.52777407,-157.6576577,-18.18181818,-0.017291497,0
0,87.36915534,0.059112932,3.059046334,0.444444444,24.20130288,-10.51051051,0,0.011363759,0
0,92.81766473,0.079408621,3.030311262,0,27.08860454,202.5462963,27.77777778,0.08361414,0
0,94.09193266,0.066272414,3.080296395,0,31.32056481,233.9393939,38.0952381,0.086540456,1
0,94.09193266,0.044181609,3.168471681,0.047619048,30.29041748,165.4635527,30,0.026386755,0
0,52.32049433,0.00278774,3.232962171,0,28.28656975,136.2118595,30,0,1
0,68.20169989,0.021858493,3.297321561,0.095238095,26.40536398,91.38016941,23.80952381,-0.005221944,0
0,80.9152738,0.041238995,3.384270453,0,29.42395528,91.05691057,36.58536585,0,0
1,83.40360796,0.03415933,3.480534209,0,31.5935326,97.70114943,38.0952381,0.025841231,0
1,32.52106659,-0.030560447,3.501189542,0,28.50437679,84.15300546,38.0952381,0.01542447,0
1,68.52503933,0.046293036,3.549662698,0,30.58307883,83.02658487,62.16216216,0.00508907,0
0,70.85743014,0.03752869,3.612281595,0,31.11764676,75.54395126,60,0.00508907,0
1,45.5448407,-0.008314206,3.629877701,0,29.79063087,104.7619048,68.42105263,0.020101179,1
1,45.5448407,-0.005542804,3.609858674,0,27.45923877,105.5359246,68.42105263,0.020101179,1
0,77.74426608,0.056304797,3.633141561,0.25,28.64998562,24.56140351,56.09756098,-0.030305349,0
0,90.24364943,0.124203198,3.778435685,0,31.94721246,166.6666667,60,0.014815086,0
0,92.63123641,0.116135465,4.020172547,0,31.89037945,245.6140351,59.09090909,0.088292607,0
1,92.63123641,0.077423644,4.296562596,0,28.63425894,173.4820322,52.63157895,0.043172172,0
0,75.91173786,0.038282429,4.551950844,0,26.97070336,181.7171717,62.79069767,0.027779564,0
0,38.97706643,-0.021145047,4.714885005,0,24.70593261,150.8595388,63.63636364,0.036870536,1
0,25.620878,-0.047430032,4.761758221,0.357142857,22.3204797,57.0828079,38.46153846,-0.037213596,1
1,25.620878,-0.031620021,4.722558349,0.5,20.6673895,24.62620932,28.30188679,-0.060624622,0
1,25.620878,-0.021080014,4.620683643,0.5,19.14074946,18.30065359,24,-0.014320054,0
-1,65.50939874,0.019279991,4.512651918,0.5,19.78729519,11.55830753,24,0,0
0,56.43052045,0.00618666,4.38817428,0.346153846,18.29166426,45.62607204,28.30188679,0.019048195,0
0,14.43100074,-0.089208893,4.142506694,0.346153846,16.06816094,36.84210526,28.30188679,0.019048195,1
0,10.31732126,-0.092805929,3.785312576,0.884615385,14.01729144,-127.4261603,-4.761904762,-0.068319244,1
0,9.504518145,-0.068537286,3.359913132,1,13.34165852,-163.2183908,-11.76470588,-0.093896086,1
0,6.453880734,-0.072358191,2.874138061,1,12.86467629,-172.8125,-6.25,-0.035993603,1
1,57.54901407,0.018427873,2.448490946,1,16.11947887,-153.4166667,-27.5862069,-0.026248226,0
0,57.54901407,0.012285249,2.077249198,1,14.86905599,-118.4079602,-51.02040816,-0.015831465,0
0,46.19475198,-0.005143168,1.738832711,0.727272727,17.32103517,-46.96016771,-27.5862069,0.046761766,1
0,46.19475198,-0.003428778,1.434710964,0.818181818,16.83009852,-57.50636132,-45.45454545,0.031416196,0
0,37.80383525,-0.008952519,1.156670163,0.708333333,16.09326119,-42.16171617,-48.14814815,-0.01020417,0
0,76.39417035,0.034031654,0.95513065,0.666666667,19.43371872,-28.05100182,-33.33333333,0.0102565,0
0,85.43265147,0.049354436,0.841905759,0.416666667,20.20766727,31.66175025,-12.5,0.035268139,0
1,85.43265147,0.032902957,0.787849616,0.333333333,20.04764929,56.69781931,-8,0.040005335,0
0,51.89908857,0.001935305,0.747933087,0.333333333,20.95151355,63.14631463,-8,0.009852296,1
0,73.05315145,0.02795687,0.748972629,0.416666667,19.67046363,56.99745547,-20.83333333,-0.009852296,0
0,91.4289892,0.10530458,0.875879743,0,24.47646503,134.0220386,-9.433962264,0.014598799,0
1,43.50493069,-0.02313028,0.962631109,0,22.22935614,176.1290323,36.17021277,0.062370331,1
0,43.50493069,-0.015420187,1.01745598,0,20.22930514,141.3333333,52.38095238,0.037919235,1
0,21.63462705,-0.090280124,0.952980862,0.407407407,17.26891817,32.11009174,25.49019608,-0.052518034,1
0,34.06450514,-0.04018675,0.838225933,0.740740741,15.8564649,-68.67335563,12.28070175,-0.09763847,0
0,27.51749736,-0.046791166,0.672028954,0.904761905,17.19030489,-71.66042447,13.79310345,-0.040005335,1
0,18.58679952,-0.064527444,0.440329578,1,16.16988675,-98.93992933,-7.692307692,-0.01030937,1
0,6.306431368,-0.17635163,0.014751833,1,13.48747497,-177.675841,-18.6440678,-0.068628506,1
0,14.75471345,-0.10423442,-0.498168262,1,12.09805602,-236.5223994,-37.83783784,-0.144696376,0
0,11.02632803,-0.102822946,-1.08380945,0.958333333,12.77937636,-166.3619744,-36,-0.079587438,1
0,41.8720214,-0.021881964,-1.625403775,1,12.01488084,-144.9253354,-50.68493151,-0.012048339,0
1,52.46585572,0.005412024,-2.08288007,0.8,14.05866179,-78.65168539,-35.80246914,0.034887259,0
0,59.79349781,0.016941349,-2.442302884,0.8,15.61946488,-66.08501119,-35.80246914,0.0588405,0
1,79.11276785,0.064627566,-2.646345323,0.74,16.49454846,-45.38341158,-29.26829268,0.016997576,0
1,79.11276785,0.043085044,-2.736214445,0.74,15.67287758,-38.55650522,-37.66233766,0.016997576,0
1,79.11276785,0.028723363,-2.743530869,0.74,14.87489038,-31.05869138,-53.62318841,0,0
1,79.11276785,0.019148908,-2.692434435,0.666666667,14.10167148,-21.21212121,-53.62318841,0,0
0,90.57549565,0.039432606,-2.566609879,0.35483871,16.77426175,46.48074369,-29.23076923,0.038572275,0
0,96.69567238,0.086288404,-2.317476133,0.193548387,19.82889374,98.8700565,-8.196721311,0.065240522,0
0,87.25222226,0.050858936,-2.008043382,0,20.85129687,173.3333333,4.347826087,0.072949,1
0,90.14081299,0.047239291,-1.656092037,0.088235294,20.03456373,139.6325459,4.347826087,0.031090587,0
0,94.13069177,0.058159527,-1.259381459,0,21.48715572,136.1748634,26.98412698,0.005012542,0
0,95.96686566,0.058773018,-0.828722689,0,21.28964387,121.3333333,71.42857143,0.030153038,0
0,97.91948827,0.079182012,-0.3497631,0,25.47308075,116.6666667,72,0.024692613,0
0,71.83541136,0.032788008,0.109225502,0,23.7558196,129.9145299,88.46153846,0.043590436,1
1,79.87631829,0.041858672,0.554334007,0.027777778,24.51026831,105.5900621,81.39534884,0.024097552,0
1,79.87631829,0.027905781,0.964989151,0.03030303,23.14222255,93.16394434,81.39534884,-0.004750603,0
0,65.78932476,0.011937188,1.321586111,0,22.14394016,94.75015813,80.95238095,0.009478744,0
0,91.25033522,0.081291458,1.707442202,0,23.83656827,92.85223368,81.39534884,0.014184635,0
0,92.72664457,0.067527639,2.100731952,0,23.93167899,132.3232323,84.31372549,0.041576427,0
0,96.59950509,0.105018426,2.539079855,0,27.3895797,150.2645503,85.71428571,0.059242834,0
0,82.03843883,0.056678951,2.958739693,0,28.05338288,177.1212121,85.71428571,0.052875752,1
0,88.52488283,0.0711193,3.372345275,0.054054054,26.69990763,138.795361,77.35849057,0.021882711,0
1,42.49083768,-0.0192538,3.677767865,0,24.02501336,130.5201178,75,0.008547061,1
0,24.96499212,-0.072835866,3.825116263,0.285714286,21.00357643,54.68013468,52.72727273,-0.026317308,1
0,19.58077752,-0.075223911,3.827810864,0.515151515,18.95032887,3.29E-13,31.03448276,-0.075090451,1
0,9.936869855,-0.130149274,3.642579085,0.766666667,17.04386029,-53.36577453,16.12903226,-0.059514128,1
0,23.97777089,-0.066766183,3.362699484,1,15.83300237,-134.5941686,-5.714285714,-0.081190155,0
0,42.04745149,-0.017844122,3.060249446,0.911764706,16.37722925,-102.3622047,-10.44776119,-0.038466281,0
0,29.08514303,-0.045229415,2.714821539,0.911764706,15.55909392,-94.73684211,-9.090909091,0.014815086,1
0,44.48718865,-0.010152943,2.376870274,0.941176471,16.57345546,-93.33333333,-10.44776119,-0.004914015,0
0,61.29842919,0.019898038,2.086210107,0.852941176,17.40345873,-67.57990868,-8.823529412,0.009756175,0
1,93.6662229,0.313265359,2.171610654,0.029411765,32.98745272,94.69214437,22.10526316,0.142115136,0
0,93.6662229,0.208843572,2.474578616,0.029411765,29.22624456,82.35294118,14.94252874,0.127444947,0
0,93.6662229,0.139229048,2.885812717,0.029411765,26.03001679,75.65543071,9.756097561,0,0
0,71.30342401,0.059486032,3.297328875,0,23.59817224,147.2081218,20.43010753,0.074107972,1
0,85.13996592,0.126324021,3.765483695,0.039215686,26.57638217,119.7530864,20.43010753,0.066139803,0
0,86.62787321,0.097549348,4.244317113,0,25.68346435,145.1303155,26.73267327,0.038915416,0
0,80.57686561,0.058366232,4.684271679,0,25.20652583,135.4239257,44.89795918,0.073250462,1
0,82.41893692,0.045577488,5.069529289,0.073529412,24.73004485,101.1761065,47.91666667,0.007604599,1
0,89.72644334,0.063718325,5.418092387,0.088235294,23.6553496,86.85185185,56.04395604,-0.022557347,0
1,90.86546451,0.04914555,5.716479696,0.015151515,23.47466721,87.37864078,78.82352941,0.015037877,0
0,77.90891419,0.026097033,5.94616931,0,24.04754643,85.50305368,78.82352941,0.029964789,1
0,54.56679675,0.004064689,6.0931931,0.102941176,22.67602023,57.04845815,65.2173913,-0.015037877,0
0,13.91592667,-0.083956874,6.085560053,0.046153846,18.88071816,66.53279786,68.42105263,-0.01113184,1
0,59.34562897,0.030695417,6.048007341,0.216216216,17.89514343,35.70581257,58.7628866,-0.003795071,0
0,82.62365388,0.167130278,6.112985094,0,23.3597316,78.92156863,48.05194805,0.01113184,0
1,79.51923955,0.104753519,6.214788913,0,22.42467106,222.8855721,58.7628866,0.101169235,1
0,80.61193947,0.076502346,6.323089116,0.024390244,22.82883247,190.3030303,57.14285714,0.067762102,0
0,86.15280765,0.084334897,6.441997852,0.024390244,22.1699882,149.4199536,47.5,-0.003442344,0
1,86.15280765,0.056223265,6.543947048,0,22.39398376,143.9423707,54.76190476,0.020478531,1
0,90.00789491,0.057482177,6.629988341,0.03030303,21.58075446,108.065915,45.20547945,0.017094433,0
0,90.00789491,0.038321451,6.684411808,0,21.65549566,97.34375,41.17647059,0.003372684,0
0,74.46043871,0.018880967,6.693782183,0,21.27979398,82.9787234,52.38095238,0.006756782,0
0,1.168876471,-1.600746022,5.218442782,1,8.456166092,-458.4373094,-68.4729064,-1.695531437,0
0,2.065134116,-1.057164015,2.738993632,0.997938144,8.676436909,-233.0348441,-71,-1.686398954,0
0,2.065134116,-0.70477601,-0.384982461,0.993814433,8.89842388,-154.834007,-72.14765101,0.027150989,0
0,2.051183132,-0.473184006,-3.883200698,0.991752577,8.844423041,-115.9574468,-71.18353345,0.026907453,0
0,1.971281354,-0.328789338,-7.566137531,0.983505155,9.345275175,-91.82932873,-72.36614853,0.043675064,1
0,1.837101755,-0.235859558,-11.2994567,1,9.124129779,-79.5125981,-72.46127367,-0.073427469,1
0,1.698377219,-0.170573039,-14.9812746,1,8.993167826,-68.81977671,-77.46478873,-0.137201122,1
0,11.70003225,-0.100382026,-18.49106469,1,9.272112005,-60.49682967,-90.92627599,-0.038839833,0
0,20.76901848,-0.056921351,-21.74748609,0.99188641,9.58492594,-52.82287823,-89.45386064,0.028987537,0
0,39.4313975,-0.017947567,-24.67278637,0.989858012,10.92808533,-47.34090127,-89.09774436,0.048318577,0
0,35.27678116,-0.018631711,-27.27247557,0.979716024,11.15914243,-41.30956105,-91.61904762,0.055569851,1
1,53.60714613,0.004245526,-29.50296681,0.981744422,10.91858579,-38.00125851,-91.60305344,0.037041272,0
1,37.62387191,-0.013836316,-31.41962946,0.973630832,10.95055954,-30.55863855,-91.60305344,0.026668247,1
1,25.99709862,-0.025890877,-33.07076434,0.4375,10.66041348,19.49860724,-91.66666667,0,1
1,25.99709862,-0.017260585,-34.45357543,0.4375,10.42249577,17.94871795,2.325581395,-0.035718083,1
0,18.34417138,-0.021507057,-35.59986566,0.75,10.17787434,-61.02564103,-10.63829787,-0.046520016,1
-1,18.34417138,-0.014338038,-36.50914764,1,10.0195902,-106.6666667,-22.44897959,-0.085359849,0
0,11.03510718,-0.019558692,-37.21702852,0.9375,9.822186874,-80.03220612,-22.44897959,-0.028987537,1
1,7.891008394,-0.019705795,-37.74395209,1,9.6515376,-134.7593583,-38.7755102,-0.030153038,1
0,24.10820296,-0.009803863,-38.07621981,1,9.579840891,-126.0663507,-21.05263158,-0.050261835,0
0,24.10820296,-0.006535909,-38.22005767,0.941176471,9.428978139,-99.55555556,-11.11111111,0,1
0,11.01615607,-0.014357272,-38.22025902,1,9.233241283,-102.6279391,-11.11111111,0,1
0,11.01615607,-0.009571515,-38.07654164,1,9.111029976,-105.982906,-29.41176471,-0.031090587,0
0,7.8279206,-0.009714343,-37.80540687,0.947368421,9.827828666,-81.01851852,-29.41176471,-0.010362787,1
0,4.189989373,-0.013142896,-37.43546951,1,9.635196407,-103.7037037,-56.25,-0.021277398,1
0,4.189989373,-0.00876193,-36.96378302,1,9.534566497,-103.7037037,-56.25,-0.042559614,0
0,62.69792847,0.004158713,-36.35088435,0.944444444,10.42480075,-86.7979577,-72.4137931,0,0
0,71.42333176,0.006105809,-35.60191178,0.833333333,11.2754833,-53.84615385,-55.55555556,0.032088315,0
0,29.7167291,-0.009262794,-34.79622034,0.692307692,10.93670845,-24.56140351,-50,0.031748698,1
0,62.53363082,0.007158137,-33.87599106,1,10.59392673,-114.6551724,-48.14814815,-0.032088315,0
0,72.2510913,0.011438758,-32.83592396,0.7,12.61301861,-20.68965517,-23.07692308,-0.0104713,0
0,76.76989618,0.010959172,-31.69284873,0.166666667,12.27437188,66.66666667,-18.51851852,0.052922401,0
0,51.57400228,0.000639448,-30.50806543,0,13.33452797,105.5555556,-9.25E-14,0.031090587,0
0,78.29161363,0.017092965,-29.22074222,0,12.75549079,98.66666667,4.347826087,0.0102565,0
0,85.49436369,0.02139531,-27.82725659,0,14.31281861,204.5977011,15.38461538,0.040005335,0
1,73.32920489,0.010930207,-26.39240834,0,15.93941466,183.265857,23.07692308,0.04976151,1
1,23.39512957,-0.026046529,-25.09866012,0.363636364,14.73403824,65.4040404,14.28571429,-0.029852963,1
-1,23.39512957,-0.017364353,-23.91005084,0.363636364,13.93938674,56.66666667,11.11111111,-0.039609138,1
0,14.50535298,-0.024909568,-22.86264845,0.818181818,12.97077444,-63.24786325,3.448275862,-0.051825068,1
0,10.16149567,-0.026606379,-21.9612275,1,12.16179733,-147.9674797,-6.25,-0.09531018,1
0,8.838135896,-0.021070919,-21.17287845,1,11.76663345,-165.2173913,-15.15151515,-0.065957968,0
0,34.44885739,-0.007380613,-20.4233216,1,12.31815007,-132.8014184,-22.58064516,-0.022472856,0
-1,16.77557337,-0.021587075,-19.77908678,1,11.37810078,-108.1967213,-26.66666667,0,1
0,56.73176656,0.005608617,-19.09605794,1,10.97714481,-129.7372061,-24.13793103,-0.034685558,0
1,70.766717,0.017072411,-18.31605536,0.722222222,13.73003408,-53.88127854,-16.12903226,0.022472856,0
0,70.766717,0.011381607,-17.47495777,0.722222222,13.34970688,-46.84684685,-24.13793103,0.057158414,0
1,70.766717,0.007587738,-16.60029816,0.722222222,12.96300513,-40.57971014,-28.57142857,0,0
1,88.93570126,0.025058492,-15.61188697,0.555555556,17.55880757,3.004291845,-16.12903226,0.032789823,0
0,76.97533083,0.013372328,-14.58448297,0.277777778,17.3398848,82.79569892,-12.5,0.085157808,1
0,80.84031797,0.012248219,-13.53621045,0.142857143,16.82062744,83.41968912,-18.75,0.042111485,0
0,46.05281073,-0.001834521,-12.54827481,0,18.00294573,117.2711572,-7.40E-14,0.010152371,1
0,32.19747371,-0.007889681,-11.65460206,0.214285714,17.06551985,74.76979742,-9.090909091,-0.010362787,1
0,64.36271515,0.008073546,-10.7741545,0.357142857,17.40618526,38.67403315,-7.40E-14,-0.051825068,0
0,79.17888966,0.018715698,-9.857419621,0,20.16516129,132.2033898,33.33333333,0.050772325,0
0,79.17888966,0.012477132,-8.943455866,0,21.46573254,123.8095238,43.75,0.081678031,0
0,53.94693982,0.001651421,-8.091175785,0,20.50319711,105.6410256,43.75,0.009852296,1
-1,76.45561704,0.014434281,-7.239017223,0.058823529,21.86197749,80.60606061,39.39393939,-0.009852296,0
0,28.85608574,-0.020377146,-6.56023215,0,19.88867009,87.80068729,54.83870968,0,1
0,23.89686959,-0.020251431,-6.043947752,0.666666667,17.73388533,-56.20915033,11.76470588,-0.071825735,1
0,23.89686959,-0.013500954,-5.643760455,0.75,17.13414064,-83.33333333,8.571428571,-0.09237332,0
0,12.15065632,-0.025667303,-5.408229006,1,15.97080756,-93.33333333,8.571428571,-0.010695289,1
0,10.58916418,-0.020444868,-5.295115239,1,14.71550506,-184.3137255,-15.78947368,-0.066691374,0
0,10.58916418,-0.013629912,-5.254915293,0.933333333,17.70105064,-132.2033898,-29.41176471,-0.055262679,1
0,6.709224885,-0.015753275,-5.28695029,1,16.85386877,-131.372549,-31.42857143,-0.011560822,1
0,39.79724955,-0.003835517,-5.318023998,1,17.46719943,-122.1354167,-41.17647059,-0.034685558,0
0,66.51722661,0.007442989,-5.283422023,0.882352941,21.11841881,-83.98268398,-27.27272727,0.011560822,0
0,72.5981512,0.008295326,-5.180172898,0.647058824,22.97249237,-31.89448441,-8.571428571,0.06820825,0
0,72.5981512,0.005530217,-5.027546362,0.647058824,22.10244841,-25.92592593,-35.71428571,0.044951388,0
0,80.54716974,0.007020145,-4.823090441,0.647058824,21.23629176,-17.86786787,-40.74074074,0,0
0,91.56208658,0.014680097,-4.533668659,0.588235294,24.77239837,8.974358974,-35.71428571,0.010929071,0
0,58.45990918,0.003120064,-4.230419066,0.411764706,24.46079997,81.22362869,-20,0.043017385,1
0,67.32073861,0.005413376,-3.907439984,0.2,23.47060931,62.68656716,-29.03225806,0.010810916,0
0,75.24226818,0.006942251,-3.562886783,0.1,24.92795109,87.06467662,-9.25E-14,-0.010582109,0
0,30.65589838,-0.008705166,-3.283504523,0.1,23.53561411,83.76068376,4.347826087,0.010695289,1
0,63.28778097,0.007529889,-2.983388618,0.4,24.34646688,15.96958175,-7.692307692,-0.032435276,0
0,53.79477104,0.001686593,-2.696366496,0,22.35414391,129.6296296,36,0.021053409,1
0,68.13416107,0.007791062,-2.392269071,0.272727273,22.19308572,43.80952381,18.51851852,0.021739987,0
0,31.48849099,-0.011472625,-2.173352284,0,20.117951,111.1111111,35.71428571,0,1
-1,41.0071994,-0.004315084,-1.997376302,0.555555556,18.04168784,-51.85185185,18.75,-0.021739987,0
1,41.0071994,-0.002876722,-1.853046422,1,16.86983219,-72.46376812,13.33333333,-0.053488685,0
1,21.16154002,-0.011917815,-1.783675527,0.8,19.18774396,-36.36363636,3.703703704,0.010929071,1
1,21.16154002,-0.00794521,-1.761288954,0.8,17.5061862,-41.26984127,3.703703704,0.010929071,1
0,3.700497613,-0.04863014,-1.995102298,1,14.39982641,-235.8974359,-15.15151515,-0.067441281,1
0,3.108578186,-0.03908676,-2.415609785,1,12.59474956,-335.0052247,-39.53488372,-0.204300464,1
0,28.75120482,-0.01605784,-2.876558787,1,13.2718094,-214.0495868,-51.2195122,-0.150282203,0
0,28.75120482,-0.010705227,-3.335695196,0.863636364,14.75132639,-127.5555556,-38.0952381,0.026317308,0
0,23.98952589,-0.010470151,-3.784036414,0.863636364,14.40777478,-101.0309278,-41.46341463,0.039740329,1
0,39.11490606,-0.003646767,-4.177056495,0.909090909,14.05525434,-91.16575592,-42.85714286,-0.013072082,1
0,30.12346913,-0.005764512,-4.526681714,0.954545455,13.52085314,-83.29113924,-40,-0.026317308,0
0,30.12346913,-0.003843008,-4.822453385,0.863636364,15.61137247,-56.96969697,-51.35135135,0.013072082,0
0,8.40014732,-0.019228672,-5.159470184,0.863636364,14.39203993,-49.45652174,-47.05882353,0.026317308,1
1,24.69240541,-0.009485781,-5.476703995,1,13.44931563,-78.12971342,-65.71428571,-0.053345981,0
0,13.7150684,-0.016323854,-5.817019642,0.947368421,12.08528561,-63.27683616,-54.83870968,-0.039740329,1
0,40.26919268,-0.004215903,-6.103043946,1,11.17026054,-119.9464525,-61.11111111,-0.056352937,0
0,51.47040343,0.000522731,-6.307271961,0.826086957,13.17217523,-69.86817326,-48.71794872,-0.013605652,0
0,79.83362849,0.017015154,-6.331008571,0.764705882,17.73945243,-65.0273224,-48.71794872,0.056352937,0
0,79.83362849,0.011343436,-6.22579812,0,17.88893635,81.27340824,-24.32432432,0.053345981,0
0,79.83362849,0.007562291,-6.030979892,0,18.52180926,71.22807018,7.692307692,0.053345981,0
0,90.76426464,0.015041527,-5.71391912,0,18.88180102,62.54295533,12,0,0
0,90.76426464,0.010027685,-5.323834601,0,19.22726678,117.7993528,8.333333333,0.025642431,0
0,94.90592388,0.01335179,-4.855310641,0,20.99125252,154.2028986,15.38461538,0.050643733,0
0,96.18800713,0.012234527,-4.331124072,0,20.36273162,127.4358974,20,0.025001302,0
0,96.18800713,0.008156351,-3.790090633,0,19.72664071,129.0780142,28,0.012270093,0
0,99.00506882,0.022104234,-3.159185802,0,25.55753349,162.3188406,30.76923077,0.048202102,0
0,42.48780775,-0.005263844,-2.617489285,0,22.91792777,150.9121061,35.71428571,0.059188871,1
1,42.48780775,-0.003509229,-2.154172947,0,20.62400966,124.7311828,58.33333333,0.023256862,1
0,42.48780775,-0.002339486,-1.759389523,0,18.61721908,105.6410256,56.52173913,0,1
0,25.87235544,-0.008226324,-1.463593574,0.428571429,16.85138742,8.641975309,50,-0.071458964,0
0,77.84843469,0.021182451,-1.085328944,0.214285714,24.23660986,52.15686275,47.82608696,-0.03509132,0
0,77.84843469,0.014121634,-0.674108498,0,23.64722866,110.3792415,55.55555556,0.08288766,0
0,86.08230969,0.019414422,-0.206275152,0,24.03696566,94.44444444,47.82608696,0.046520016,0
0,88.2635631,0.016276282,0.289720236,0,25.11216147,148.2993197,55.55555556,0.044451763,0
0,92.01698364,0.017517521,0.811642445,0,25.1060098,130.5555556,55.55555556,0.044451763,0
0,92.01698364,0.011678347,1.318179306,0,26.4943807,132.1285141,53.84615385,0.010810916,0
0,67.670227,0.004452232,1.765637414,0,25.3523566,118.1069959,50,0.010810916,0
0,85.24195489,0.012968154,2.201029896,0,26.78896818,145.7497612,55.55555556,0.031748698,0
0,88.39555255,0.01197877,2.616658393,0,28.58188988,131.9371728,55.55555556,0.042111485,0
0,53.86491075,0.00131918,2.955370404,0,27.26189582,110.3448276,50,0.010362787,1
0,75.44614928,0.010879453,3.272505829,0.125,25.17507466,68.29268293,33.33333333,-0.020834087,0
0,38.97883195,-0.006080365,3.481743545,0,23.61753734,102.8248588,40.74074074,0.0102565,1
0,64.62609417,0.009279757,3.672769701,0.058823529,23.23058934,78.95622896,35.71428571,0.020834087,0
1,75.98249846,0.016186505,3.88358928,0,26.6434458,88.88888889,73.91304348,0,0
0,79.30452589,0.014124336,4.101628004,0,27.73214552,135.7298475,73.91304348,0.040409538,1
0,79.30452589,0.009416224,4.301497201,0.076923077,25.91245742,105,60,0.020202707,0
0,84.21654443,0.009610816,4.484574693,0,23.80937552,121.4092141,61.9047619,0,0
0,30.29256524,-0.010259456,4.554445311,0,21.21355982,152.4193548,57.89473684,0.029558802,1
0,25.41129768,-0.010172971,4.522921511,0.6,18.70379913,-17.12538226,20,-0.040409538,1
0,11.5059724,-0.023448647,4.337026125,0.7,17.32424786,-58.33333333,12,-0.070380797,1
0,8.662008075,-0.022299098,4.020735203,1,15.59051852,-204.7169811,-6.666666667,-0.063851472,1
0,52.59843649,0.001800601,3.713493553,1,18.50036652,-190.0537634,-21.42857143,-0.064538521,0
0,52.59843649,0.001200401,3.419589681,0.615384615,18.09557387,-52.05128205,-6.25,0.043017385,1
0,61.03332193,0.004133601,3.15839651,0.769230769,16.62193725,-85.28735632,-11.76470588,0.032789823,0
0,78.36090809,0.012755734,2.974133454,0.384615385,22.43999755,23.33333333,8.108108108,0.031090587,0
0,88.54683054,0.021837156,2.906518778,0.307692308,22.28131905,43.90243902,2.857142857,0.062520357,0
0,92.51210709,0.024558104,2.956362316,0,26.00636372,128.0487805,17.94871795,0.05942342,0
1,95.07156537,0.026372069,3.116354513,0,27.45099696,135.8024691,20,0.068319244,0
1,62.8481197,0.00758138,3.279700862,0,26.02401081,177.0833333,23.80952381,0.065139302,1
0,53.74071245,0.00172092,3.412280641,0.285714286,23.59842164,77.77777778,10.63829787,-0.009478744,1
1,37.45691404,-0.005519387,3.478902302,0.380952381,22.74238002,47.41035857,4.166666667,-0.074801213,0
0,67.23812314,0.009653742,3.555048229,0.380952381,25.61615,47.41035857,-4.83E-14,-0.019231362,0
0,43.78358586,-0.003564172,3.577682781,0.19047619,24.97543885,83.98268398,22.72727273,0.038099846,1
0,37.28121993,-0.005709448,3.541769949,0.285714286,22.91432118,52.23880597,20,0.019231362,0
0,81.82296022,0.032860368,3.632343302,0.142857143,32.00421198,81.78694158,39.53488372,0.009302393,0
0,81.82296022,0.021906912,3.786151083,0,29.67029474,156.6358025,50,0.082238098,0
0,88.50324211,0.027937941,4.019985096,0,28.37388264,140,44.18604651,0.054067221,0
-1,88.50324211,0.018625294,4.279068657,0,27.90870252,167.2754947,55.55555556,0.034486176,0
0,91.86617926,0.019083529,4.556773278,0,30.05953465,144.6280992,51.2195122,0.042925045,0
0,91.86617926,0.012722353,4.818335805,0,28.65031112,127.8416347,51.2195122,0.016807118,0
0,91.86617926,0.008481569,5.042883743,0,29.67639544,107.1729958,44.44444444,0.00836825,0
0,96.72134527,0.015654379,5.260994475,0,27.87308212,100,42.85714286,0.008298803,0
0,97.47495783,0.013769586,5.463024422,0,30.6976652,110.9406953,39.39393939,0.032789823,0
0,99.07300703,0.025846391,5.697438948,0,31.26822407,106.8100358,71.42857143,0.032523192,0
1,71.80618084,0.01056426,5.896583116,0,32.24918767,128.909465,86.66666667,0.039530839,1
1,71.80618084,0.00704284,6.047710152,0,29.91200134,120.2020202,86.66666667,0.031498667,1
0,71.80618084,0.004695227,6.145467863,0.083333333,28.0853414,89.74358974,71.42857143,-0.015625318,0
1,85.38321452,0.009796818,6.215450437,0.095238095,26.35227565,80.02754821,84.61538462,-0.015625318,0
0,24.20026496,-0.016802121,6.158031458,0,23.53686855,93.75,84,0.015625318,1
0,34.29005707,-0.007868081,6.022813269,0.466666667,21.35305636,-19.04761905,30.76923077,-0.040166042,0
0,24.50456317,-0.011912054,5.806102419,0.636363636,20.33702143,-33.33333333,30.76923077,-0.05579136,1
0,20.18446965,-0.011274703,5.523464434,1,19.34569299,-95.03546099,4,-0.024897552,0
0,36.87708813,-0.004183135,5.214941746,0.9,22.79985153,-78.26086957,4,-0.016529302,0
0,11.53862222,-0.02612209,4.802309744,0.8,20.63685633,-60.74074074,4,0.016667052,1
0,56.43710618,0.005918607,4.427767751,1,18.94339928,-160,-16.12903226,-0.042559614,0
0,67.15411186,0.013945738,4.126212075,0.571428571,20.41158525,-48,-6.17E-14,0,0
0,76.00770843,0.019297159,3.91580681,0.357142857,24.99080548,8,-6.17E-14,0.075349437,0
0,84.41147196,0.026198106,3.815778529,0.142857143,28.84149529,58.97435897,5.263157895,0.048396541,0
0,38.68254988,-0.012534596,3.664009227,0,25.7145187,136.969697,7.692307692,0.062520357,1
0,60.22836522,0.011643603,3.557043879,0.588235294,22.38765174,-26.21722846,-14.28571429,-0.040166042,0
0,66.17168639,0.014429068,3.500732518,0.235294118,25.33345204,80.76923077,1.886792453,-0.030771659,0
1,72.3659718,0.016286046,3.495754109,0,27.25062387,176.8645358,14.75409836,0.108633841,1
1,84.84970482,0.030857364,3.589472289,0.19047619,25.35823466,107.3835125,4.761904762,0.030771659,0
1,90.96921816,0.040571576,3.803320361,0,27.84369733,154.4600939,26.98412698,0.021819047,0
0,93.06892126,0.037047717,4.10459569,0,29.68278737,148.9361702,30.3030303,0.073025135,0
1,83.37622168,0.021365145,4.419306533,0,30.28089886,155.5555556,41.17647059,0.055958654,0
1,83.37622168,0.01424343,4.712902313,0,28.29677228,128.2051282,40.29850746,0.034605529,0
0,93.70380584,0.032828953,5.045500273,0,28.55111687,108.2362082,39.39393939,0,0
0,96.49969289,0.041885969,5.436952336,0,28.00514707,142.2572178,58.82352941,0.05299253,0
0,98.03033157,0.051257313,5.903445543,0,31.25753468,148.0392157,58.20895522,0.084741228,0
1,98.03033157,0.034171542,6.371287995,0,29.14966741,124.8826291,56.25,0.031748698,0
0,85.94956008,0.019447694,6.784550213,0,27.80355215,132.4444444,57.57575758,0.030771659,0
0,90.9617763,0.02296513,7.153552032,0,30.43431061,123.9051095,55.55555556,0.042819997,0
0,59.25480745,0.005310086,7.424310807,0,30.08817933,105.904059,84.90566038,0.012048339,1
1,31.66273818,-0.013126609,7.549269015,0.028571429,27.71210211,86.22222222,79.16666667,-0.006006024,1
1,31.66273818,-0.008751073,7.558463606,0.028571429,25.54004617,76.22841965,75,-0.006006024,1
-1,58.04000814,0.004165952,7.507278998,0.285714286,23.92450105,21.56398104,62.79069767,-0.043083586,0
0,26.89577677,-0.017222699,7.342373933,0.24,22.04715366,29.45301543,57.89473684,-0.030583423,1
0,16.09803357,-0.028148466,7.047365749,0.5,20.01726414,-20.99192618,38.46153846,-0.012658397,1
0,6.583314174,-0.058765644,6.546858571,0.75,17.55182388,-87.93532338,12.82051282,-0.057523844,1
0,6.130394106,-0.042510429,5.917206587,1,15.93547911,-205.1454139,-13.7254902,-0.114603383,1
0,14.9113148,-0.025006953,5.235672253,1,15.46360746,-187.2255489,-15.38461538,-0.089406588,0
1,49.99426651,-4.64E-06,4.598333025,0.964285714,16.91153032,-138.8958074,-33.33333333,0,0
0,49.99426651,-3.09E-06,4.011564317,0.964285714,16.00073269,-108.607864,-50,0.007168489,0
0,36.46343694,-0.006668727,3.45647245,0.785714286,16.68985697,-62.53333333,-33.33333333,0.03509132,1
0,60.51071796,0.005554182,2.97482103,0.857142857,15.75946817,-64.81481481,-52.38095238,0.021202208,0
0,38.59793331,-0.006297212,2.525099991,0.75,15.80386585,-38.02469136,-48.8372093,0.006872879,1
0,48.01128624,-0.000864808,2.124004064,0.851851852,15.13896395,-50.84097859,-52.17391304,0,0
0,64.38934874,0.006090128,1.791365013,0.777777778,17.64442044,-28.62222222,-44.68085106,-0.006872879,0
1,20.59496943,-0.025939915,1.416339083,0.681818182,16.02664152,-9.621993127,-41.66666667,0.020761991,1
0,14.16987919,-0.03062661,0.985944667,1,14.2374237,-119.6819085,-45.09803922,-0.064078857,1
0,10.4886667,-0.03041774,0.505978474,1,13.32216841,-150.3003003,-53.84615385,-0.093257493,1
0,45.7335541,-0.003611827,0.074169002,1,15.00910286,-146.6666667,-51.02040816,-0.029852963,0
1,26.76439607,-0.022407884,-0.374288077,0.642857143,14.02330342,-60.5893186,-30.6122449,0.029631798,1
0,26.76439607,-0.01493859,-0.810327024,0.642857143,13.09692613,-54.03508772,-8.108108108,0.037179003,1
0,9.872703786,-0.046625726,-1.344789431,1,11.03599671,-170.0564972,-26.08695652,-0.075793839,1
0,9.090363762,-0.034417151,-1.926459501,1,10.13623314,-216.4794007,-41.81818182,-0.157806991,1
0,32.98676654,-0.012944767,-2.470173152,1,11.86772442,-176.0551249,-43.85964912,-0.099254958,0
0,51.93731857,0.001370155,-2.921181495,0.870967742,13.33313208,-114.7540984,-46.42857143,0.016949558,1
0,14.08856322,-0.062419897,-3.523303687,0.903225806,11.7919215,-101.6046681,-45.45454545,0.025752496,1
0,33.28097084,-0.024946598,-4.124916318,1,10.63366316,-151.6889739,-63.07692308,-0.125163143,0
0,33.28097084,-0.016631065,-4.690069218,0.902439024,12.87756545,-106.6422913,-51.51515152,-0.079336742,0
0,48.74023604,-0.001087377,-5.156114152,0.902439024,12.49408941,-91.45299145,-56.25,0.037387532,0
1,61.96106614,0.009275082,-5.485832377,0.78125,14.21546556,-64.91935484,-51.51515152,0.027150989,0
0,54.8833558,0.002850055,-5.71461431,0.71875,13.87262715,-45.42772861,-37.93103448,0.044850566,0
1,66.39819277,0.008566703,-5.82908825,0.71875,14.36527428,-40.0996264,-34.54545455,0.017699577,0
1,66.39819277,0.005711135,-5.853004666,0.71875,13.98403764,-34.14634146,-33.33333333,0,0
1,66.39819277,0.003807424,-5.805874152,0.71875,13.5954761,-24.56140351,-46.93877551,0,0
1,66.39819277,0.002538282,-5.703701538,0.590909091,13.20047221,-6.882989184,-46.93877551,0,0
0,88.56344231,0.011692188,-5.518912537,0.214285714,15.52002837,58.7654321,-26.82926829,0.017391743,0
0,93.10903194,0.014461459,-5.252376843,0.071428571,16.76046759,103.892944,3.03030303,0.034486176,0
0,71.7273847,0.006307639,-4.949960387,0,18.80332837,133.3333333,15.15151515,0.033901552,0
0,71.7273847,0.004205093,-4.629561717,0,18.39744176,143.5897436,6.666666667,0.025105921,0
0,90.78097541,0.016136729,-4.250598701,0,20.91213225,128.0235988,10.34482759,0.008298803,0
0,72.46700768,0.007424486,-3.858481778,0,20.18772658,136.5530303,100,0.01639381,0
0,87.54404297,0.01828299,-3.417084546,0,25.43477099,140.4886562,100,0.032523192,0
0,72.62958804,0.008855327,-2.973623689,0,23.95898802,145.8333333,100,0.032002731,1
1,86.46497168,0.019236885,-2.493543717,0.076923077,26.03011943,109.6045198,87.5,0.00796817,0
1,86.46497168,0.01282459,-2.010699521,0.076923077,23.47425129,95.81320451,85.71428571,-0.00790518,0
0,46.66192555,-0.001450273,-1.585770612,0,21.92841683,124.4444444,88.23529412,0.023530497,1
0,68.44845329,0.009033151,-1.177648836,0.133333333,20.47628175,80.2259887,68.42105263,0.00790518,0
0,73.79941331,0.009355434,-0.786500984,0,19.32764648,126.4367816,73.91304348,0.015384919,0
0,87.01376047,0.019570289,-0.37495969,0,21.89418508,128.1519862,75,0.038614836,0
0,44.72192886,-0.003619807,-0.034603296,0,19.69422721,160.9625668,76,0.030077455,1
0,61.54388439,0.007586795,0.28052933,0.333333333,18.3690735,63.94557823,42.85714286,-0.015267472,0
1,47.18482609,-0.001608803,0.537567973,0.142857143,18.67464017,103.1007752,44.82758621,-0.01492565,1
0,76.26176799,0.022260798,0.829424205,0.428571429,21.65411763,18.18181818,25,-0.007722046,0
0,76.26176799,0.014840532,1.12476535,0,23.3888748,161.5384615,40,0.029631798,1
0,20.86850008,-0.040106312,1.221084858,0.083333333,20.16352929,118.8679245,33.33333333,0.052842481,1
0,18.22144527,-0.033404208,1.159528832,1,17.25871873,-155.5555556,-5.882352941,-0.115959881,1
0,36.37891368,-0.012269472,1.036263576,1,19.29230322,-148.1481481,-12,-0.11686434,0
0,23.39359059,-0.024846315,0.81544083,0.875,17.93204808,-104.0935673,-5.882352941,0.008163311,1
0,46.36666364,-0.003230876,0.592968659,1,17.11960179,-142.4778761,-12.72727273,-0.016667052,0
0,82.26539986,0.057846082,0.605675604,0.944444444,27.09805842,-102.8097063,-16.98113208,-0.024692613,0
1,91.15041845,0.098564055,0.979408723,0,32.25103267,208.2278481,28.39506173,0.231511801,0
0,91.15041845,0.06570937,1.546786995,0,30.19758616,160.8562691,24.67532468,0.223143551,0
0,91.15041845,0.043806247,2.194143984,0,28.25985142,128.6089239,23.68421053,0,0
0,54.99067691,0.005870831,2.768249629,0,27.13476944,136.8888889,26.58227848,0.039220713,1
0,70.19345041,0.023913887,3.324369628,0.081081081,27.20320816,98.18181818,29.87012987,0.019802627,0
0,79.04211609,0.032609258,3.883231861,0,28.75986208,103.8639876,31.64556962,0.012739026,0
0,82.210768,0.028406172,4.422399468,0,28.75063722,110.6732348,43.20987654,0.069428506,0
0,84.02251212,0.022270781,4.91712439,0,28.43306396,93.81755296,36.98630137,0.037271395,1
0,43.83924531,-0.005152812,5.281177812,0.155555556,26.56427847,56.9542066,26.58227848,-0.043620622,0
1,72.94825343,0.026564792,5.623516704,0.066666667,30.02258187,68.26066573,56.52173913,-0.018462063,0
0,75.09932264,0.021043195,5.928298388,0,29.30263219,99.80732177,62.66666667,0.067718174,1
0,25.8214894,-0.039304537,6.016411293,0.06122449,26.43921989,79.36507937,55.26315789,0.024541109,1
0,33.9479787,-0.019536358,5.970920469,0.291666667,22.39845798,-8.805031447,42.1686747,-0.087011377,0
0,25.55054939,-0.026357572,5.789809943,0.666666667,21.65589349,-21.21212121,42.85714286,-0.056089467,1
0,45.69865713,-0.004238381,5.561059402,0.833333333,21.05453105,-67.09585122,5.263157895,-0.006514681,0
1,45.69865713,-0.002825588,5.301779532,0.666666667,21.16909456,-33.41031563,10,0,0
0,58.37243961,0.004782942,5.045301888,0.8,22.80136279,-42.84532672,10,0.019418086,0
0,58.37243961,0.003188628,4.792400448,0.6,21.56880132,2.393162393,5.263157895,0.019048195,0
1,72.70581182,0.008792419,4.56430468,0.6,20.54370552,-5.2141527,11.11111111,0.019048195,0
0,72.70581182,0.005861612,4.353062887,0.6,19.54342063,-6.610009443,2.040816327,0,1
0,52.40569872,0.000574408,4.143230334,0.733333333,18.2663357,-37.68115942,-15.55555556,-0.012658397,0
0,3.098195552,-0.126283728,3.544580658,1,13.60046849,-415.1838671,-53.65853659,-0.281412459,0
0,12.81261929,-0.074189152,2.748065776,0.958333333,15.75507963,-225.3406998,-45.45454545,-0.252224761,0
0,12.81261929,-0.049459435,1.856454478,0.916666667,15.30882153,-144.6666667,-49.33333333,0.032789823,1
0,11.91663561,-0.03630629,0.931086194,0.933333333,14.63900921,-113.1816027,-65.2173913,0.008163311,0
0,8.394487484,-0.037537526,-0.019974465,0.820512821,18.84918176,-76.79324895,-54.28571429,0.023905521,1
0,5.041665465,-0.045025018,-1.013843334,1,17.0322888,-101.1947431,-54.28571429,-0.058594164,1
0,3.879530129,-0.040016678,-2.024319788,1,16.19188329,-98.03921569,-61.11111111,-0.125688215,1
0,46.7998846,-0.003344452,-2.908976599,1,18.25811845,-88.10301052,-60,-0.04405999,0
0,46.7998846,-0.002229635,-3.665125935,0.895833333,18.053392,-63.01994302,-55.55555556,0.03509132,0
0,76.78612577,0.028513577,-4.182195764,0.875,23.16861588,-54.07220823,-53.42465753,0.052643733,0
0,64.64113536,0.012342385,-4.538055173,0.708333333,22.6086184,-13.78952825,-43.58974359,0.074723546,1
1,76.01974986,0.02156159,-4.713982883,0.75,21.29202151,-14.79915433,-45,0.050010421,0
1,34.44851846,-0.01895894,-4.883134976,0.652173913,19.18633569,42.02898551,-38.0952381,0.015873349,1
1,27.6454778,-0.022639293,-5.06811923,0.5,17.45965391,-17.77777778,-42.22222222,-0.033060862,1
1,27.6454778,-0.015092862,-5.244039169,0.5,16.59368466,-16.39344262,-1.886792453,-0.065063593,1
0,15.88303882,-0.026728575,-5.46052143,0.8125,15.52735043,-80.20833333,-14.28571429,-0.042925045,1
-1,32.98972642,-0.011152383,-5.655281517,1,14.84256743,-129.4117647,-25.42372881,-0.087775611,0
0,20.48919457,-0.020768256,-5.869056085,0.833333333,14.2774863,-77.12691771,-18.03278689,-0.017699577,1
1,15.95493743,-0.02051217,-6.100501748,1,13.60797016,-131.441048,-32.25806452,-0.018519048,0
0,36.90073198,-0.007008114,-6.292630574,1,13.27282921,-108.1081081,-17.64705882,-0.045670037,0
0,36.90073198,-0.004672076,-6.437652538,1,14.52727561,-97.0464135,-10.63829787,0,0
0,20.0425363,-0.013114717,-6.5746541,0.95,14.01187426,-79.67479675,-6.382978723,0.009302393,1
0,20.0425363,-0.008743145,-6.686772952,1,13.49622047,-96.16613419,-24.44444444,-0.018868484,0
0,20.0425363,-0.005828763,-6.764066479,1,14.88778977,-83.23170732,-27.27272727,-0.028170877,0
0,9.883305263,-0.010552509,-6.830554115,1,14.58833758,-76.20650954,-55.55555556,0,1
0,34.705742,-0.003701673,-6.858522623,1,14.12925329,-90.90909091,-55.55555556,-0.019231362,0
0,64.24863571,0.004198885,-6.817149377,0.875,15.85138224,-64.65155332,-64.70588235,0,0
0,64.24863571,0.002799257,-6.719474483,0.8125,18.51021091,-42.42424242,-48.14814815,0.028710106,0
0,42.57653938,-0.001467162,-6.59150509,0.727272727,17.86170403,-33.98058252,-48.14814815,0.009478744,1
0,81.01010936,0.012355225,-6.377654444,0.777777778,19.17147446,-58.33333333,-39.13043478,-0.009478744,0
0,84.82008341,0.01157015,-6.091859516,0.333333333,21.11120684,105,-1.01E-13,0.027908788,0
0,84.82008341,0.007713433,-5.761963813,0,20.34231638,133.8235294,-15.78947368,0.037387532,0
0,58.43932556,0.001808956,-5.423160182,0,21.81623609,145.8333333,20,0.009132484,0
0,85.49933062,0.014539304,-5.02568512,0,20.44823299,119.2028986,20,0.009132484,0
0,90.25703676,0.016359536,-4.571843638,0,21.68502926,166.954023,33.33333333,0.026907453,0
1,93.47053676,0.017573024,-4.067503344,0,25.69651927,133.8235294,29.41176471,0.026907453,1
1,46.98231645,-0.001617984,-3.606165209,0.1,24.4049468,92.68292683,46.66666667,-0.008888947,0
-1,46.98231645,-0.001078656,-3.187735182,0.1,23.15176723,81.01851852,46.66666667,-0.008888947,0
0,14.5091955,-0.027385771,-2.925486942,0,19.62474972,93.33333333,50,0.008888947,1
0,11.52262757,-0.024923847,-2.79814533,1,17.23250359,-121.3675214,4.347826087,-0.074107972,1
0,9.981661225,-0.019949231,-2.771538536,1,16.63686016,-134.0253749,-9.090909091,-0.09265883,0
0,25.0222631,-0.009966154,-2.789562938,1,18.00163739,-118.1434599,-14.28571429,-0.009661911,0
-1,14.28311731,-0.016644103,-2.873789232,1,17.13907105,-104.7619048,-14.28571429,0,1
0,29.42741626,-0.007762735,-2.97483484,1,16.29806112,-124.3623571,-18.18181818,-0.019608471,0
1,77.38157979,0.02149151,-2.954503982,0.333333333,23.10399107,13.54441513,-8.54E-14,0.056618894,0
0,77.38157979,0.014327673,-2.852418829,0.333333333,22.24527539,13.54441513,-8.54E-14,0.076227365,0
1,77.38157979,0.009551782,-2.697934267,0.333333333,21.3891439,14.97326203,-4,0,0
1,91.68436675,0.026367855,-2.423757169,0.333333333,27.40662008,16.44083107,-4,0,0
0,91.68436675,0.01757857,-2.084165259,0,28.05883263,116.9744943,7.142857143,0.053584246,1
0,91.68436675,0.011719047,-1.717214623,0.142857143,26.65487485,82.49780123,-7.40E-14,0.036039936,0
0,32.99793543,-0.008853969,-1.42111957,0,23.49041345,122.8070175,12.5,0.008658063,1
0,23.84148781,-0.012569313,-1.210746012,0.4,21.31071759,27.59211654,-5.263157895,-0.026907453,1
0,36.96082842,-0.005046208,-1.047889695,0.6,20.29661133,-16.30824373,-15,-0.080761357,0
0,72.49572378,0.013302528,-0.848419641,0.2,25.38216113,79.92633517,24.32432432,0.026907453,1
0,72.49572378,0.008868352,-0.634794805,0.266666667,27.1015559,54.81927711,24.32432432,0.045670037,0
0,78.06086877,0.009245568,-0.407939994,0.133333333,26.1192624,81.15942029,28.20512821,0.00881063,0
-1,86.34787628,0.012830379,-0.155585546,0.066666667,28.18874278,87.87878788,30,0.026433257,0
0,26.43547716,-0.018113081,-0.01420334,0,24.91140397,122.8070175,40,0.025975486,1
0,20.97731716,-0.018742054,0.021434021,1,21.65740128,-112.5295508,-4.761904762,-0.072103294,1
0,18.16448701,-0.015828036,-0.025894199,1,21.56563489,-120.4793028,-6.976744186,-0.098734841,0
0,12.95365437,-0.017218691,-0.152209384,0.909090909,20.58376174,-91.30434783,-4.545454545,0,1
0,10.66011091,-0.01481246,-0.336431016,1,19.39504437,-155.5555556,-14.28571429,-0.038466281,0
0,29.40830831,-0.00654164,-0.532452619,0.866666667,19.89644904,-101.754386,-24.44444444,-0.028437935,1
0,29.40830831,-0.004361094,-0.724788871,1,18.91920033,-111.827957,-24.44444444,0,0
0,70.78768153,0.007092604,-0.858679714,0.866666667,20.22659212,-72.14170692,-27.27272727,0,0
0,86.55271544,0.018061736,-0.887603887,0.733333333,23.38325837,-36.07085346,-10,0.038466281,0
0,71.98470122,0.008707824,-0.862091684,0.4,22.89189363,37.07165109,9.523809524,0.065139302,1
0,81.38445775,0.012471883,-0.7724806,0.533333333,23.65443865,11.78451178,-10.52631579,0.027908788,0
0,81.38445775,0.008314589,-0.645827815,0.466666667,21.66640623,31.92982456,-5.263157895,-0.009049836,0
0,94.88898226,0.028876392,-0.399866692,0.333333333,25.19899099,71.79487179,-5.263157895,0.027150989,0
0,82.12281188,0.015917595,-0.106888141,0,24.04679698,176.7676768,9.090909091,0.078643127,1
0,87.26345738,0.017278397,0.2278095,0.117647059,24.09119677,143.7710438,-5.05E-14,0.043675064,0
0,87.26345738,0.011518931,0.569397433,0,23.8498016,138.7931034,33.33333333,0,0
0,33.33863199,-0.008987379,0.82552299,0,22.42487365,113.9322917,37.14285714,0.016949558,1
0,65.40542738,0.01067508,1.082308004,0.176470588,22.01214852,64.9122807,24.32432432,-0.025533302,0
0,41.46806287,-0.006216613,1.267623858,0,21.62910063,98.24561404,50,0.00836825,1
0,58.53892976,0.005855591,1.436932264,0.222222222,19.84262607,40.74074074,31.57894737,0,0
0,27.01877555,-0.022762939,1.473309145,0.125,17.80624155,58.33333333,42.10526316,-0.016807118,1
-1,33.7112211,-0.011841959,1.434868411,0.785714286,16.03413123,-85.78431373,11.11111111,-0.062242309,0
1,33.7112211,-0.00789464,1.348221366,1,14.96486759,-94.79166667,6.976744186,-0.079336742,0
1,18.46878206,-0.018596426,1.176570904,0.727272727,13.50955481,-45.92198582,2.43902439,0.027150989,1
1,18.46878206,-0.012397618,0.957483533,0.727272727,12.22883738,-53.03030303,7.692307692,0.027150989,1
0,4.049585093,-0.054931745,0.515919173,1,10.15526888,-158.3333333,-11.11111111,-0.064538521,1
0,17.80141192,-0.029954497,-0.01884986,1,9.135777423,-218.0769231,-30.76923077,-0.15415068,0
0,46.53605499,-0.003302998,-0.512370872,1,11.51827376,-168.3060109,-51.11111111,-0.089612159,0
0,42.11892682,-0.005535332,-0.96906747,0.833333333,11.81212913,-102.0833333,-36.17021277,0.040821995,0
0,42.11892682,-0.003690221,-1.377593144,0.833333333,11.45992188,-87.07482993,-42.22222222,0.040821995,1
0,68.78490791,0.010873186,-1.671194306,0.875,13.78568286,-80.87121212,-43.47826087,-0.010050336,0
0,45.30417172,-0.002751209,-1.919418558,0.75,13.35182467,-44.89795918,-30.43478261,0.019802627,0
0,59.22374414,0.004832527,-2.091578142,0.636363636,18.85242083,-17.22595078,-36.36363636,0.049271049,0
0,30.3037114,-0.013444982,-2.279343686,0.636363636,17.27751351,-9.079118029,-30,0.019418086,1
1,26.43160167,-0.012296655,-2.47838787,0.8125,16.01669247,-64.55026455,-44.18604651,-0.049271049,0
0,12.29382116,-0.02819777,-2.764051,0.75,14.40002032,-42.62820513,-25.71428571,-0.039220713,1
0,42.85802104,-0.00546518,-3.021756699,1,12.98819021,-135.2657005,-38.0952381,-0.062520357,0
0,58.95103997,0.006356547,-3.194455549,0.789473684,16.84462442,-66.66666667,-34.88372093,-0.030459207,0
0,71.14203603,0.014237698,-3.24974423,0.416666667,17.00180597,9.333333333,-26.08695652,0.072570693,0
0,81.89558045,0.022825132,-3.157501614,0.181818182,20.00560613,72.4137931,-7.317073171,0.050261835,0
0,84.11529159,0.018550088,-2.954867972,0,20.82060766,158.1267218,27.77777778,0.058268908,1
0,84.11529159,0.012366725,-2.687200067,0.076923077,20.77791643,107.5520833,24.32432432,0.028987537,0
0,93.32383946,0.02491115,-2.30948933,0,22.38376764,144.1860465,22.22222222,0.018692133,0
0,95.04672255,0.0232741,-1.84803943,0,23.87088585,190.2173913,31.70731707,0.073427469,0
0,96.86629583,0.025516067,-1.310533627,0,23.66604771,151.1111111,35,0.045256592,0
0,81.83530513,0.013677378,-0.76748259,0,23.72421164,154.925776,35,0.026202372,0
0,93.09146423,0.032451585,-0.146911377,0,27.64652021,148.5555556,36.58536585,0.051735674,0
0,51.81184709,0.00163439,0.400373757,0,25.53544396,146.961326,42.22222222,0.058594164,1
1,51.81184709,0.001089593,0.871285557,0,23.59513622,120.5063291,60,0.033060862,1
0,51.81184709,0.000726396,1.267004293,0,21.81039438,101.4005602,58.97435897,0,1
0,80.69832455,0.020484264,1.675975145,0.346153846,19.53689377,22.03703704,51.2195122,-0.075985907,0
0,85.14942645,0.020322842,2.093788256,0.086956522,20.18545731,78.26086957,54.54545455,-0.01639381,0
0,90.22259008,0.023548562,2.529293367,0.047619048,20.76746608,77.51937984,52.38095238,0.067822596,0
0,96.14647352,0.045699041,3.064969058,0,25.49784669,116.4658635,55.55555556,0.048396541,0
0,87.32815622,0.027132694,3.608982571,0,24.77261666,191.8015102,60.78431373,0.115959881,1
0,91.82622633,0.031421796,4.16841387,0.034482759,25.2436741,160.1532567,60.78431373,0.068467799,0
0,72.51971648,0.014281197,4.66836341,0,25.69623478,159.9169263,60.78431373,0.014493007,1
0,62.64185548,0.006187465,5.078663654,0.038461538,24.46781926,116.8280314,53.19148936,0.014598799,0
0,83.21648968,0.024124977,5.471418807,0,27.45563729,103.4995626,54.16666667,0,0
0,83.21648968,0.016083318,5.816398707,0,28.80968942,105.8006536,54.16666667,0.028573372,1
0,45.57035006,-0.002611122,6.049372083,0.035714286,27.33622582,83.47338936,47.82608696,0.014285957,1
0,59.35935464,0.004925919,6.20893741,0.142857143,26.18254069,52.35772358,33.33333333,-0.028573372,0
0,43.01388773,-0.003382721,6.275015591,0.035714286,25.04427941,68.35016835,37.5,0,0
0,68.79343812,0.011078186,6.311282224,0,26.4562156,70.76502732,38.7755102,0.028573372,0
1,84.53483709,0.027385457,6.381078905,0,29.98860779,72.26368159,70,0.007067167,0
0,87.64973424,0.024923638,6.473837407,0,31.06795423,155.5555556,69.23076923,0.041385216,1
0,76.14694968,0.013282426,6.547289165,0.047619048,29.0446183,137.414966,64.1025641,0.034605529,0
0,80.07020425,0.012188284,6.59925269,0,29.76770013,147.2035794,60,0,0
0,35.84853006,-0.008541144,6.562560599,0,26.69462772,163.6015326,50,0.02684725,1
0,21.55986755,-0.019027429,6.412219606,0.538461538,23.55245775,22.48995984,23.52941176,-0.027398974,1
0,13.49282471,-0.026018286,6.1390219,0.692307692,21.71717665,-22.08201893,9.090909091,-0.061452779,1
0,9.495699452,-0.027345524,5.755216051,1,19.84378698,-154.6184739,-7.692307692,-0.064538521,1
0,52.08173536,0.001769651,5.377506963,1,22.14403725,-155.5555556,-12.82051282,-0.057987258,0
0,52.08173536,0.001179767,5.011176024,0.647058824,21.41196111,-41.96185286,-4.761904762,0.036367644,1
0,34.05461124,-0.009213489,4.625551844,0.764705882,19.98259955,-70.85514834,-6.976744186,0.029413885,0
0,70.18015634,0.017191008,4.317460786,0.588235294,25.81275176,-24.15985468,6.976744186,0.007117468,0
0,84.62183536,0.038127338,4.154140824,0.411764706,27.78099877,25.08960573,6.976744186,0.042559614,0
0,87.91421387,0.035418226,4.112110308,0,28.98908093,142.8571429,21.56862745,0.081678031,0
1,89.0828627,0.026945484,4.147669189,0,30.45424746,137.7952756,24.52830189,0.073611817,0
1,77.79862323,0.014630322,4.207740584,0,31.06523077,160.7064018,23.07692308,0.044735894,1
0,77.79862323,0.009753548,4.269148374,0.192307692,28.75304144,90.81836327,14.28571429,0,1
1,36.35379283,-0.006830968,4.27463039,0.307692308,27.52723046,56,6.896551724,-0.051293294,0
0,75.50333449,0.022112688,4.3200863,0.307692308,30.00587473,54.70809793,1.818181818,-0.019544596,0
0,37.04773453,-0.015258208,4.281723658,0.076923077,27.30794233,91.89189189,25.92592593,0.038714512,1
0,46.18426813,-0.003505472,4.204318889,0.346153846,25.09858479,28.24561404,15.25423729,-0.006600684,0
0,81.12035053,0.054329685,4.275272811,0,33.73751164,104.8689139,41.93548387,0.018809332,0
0,83.88890789,0.04621979,4.452611317,0,33.45737576,162.3188406,50,0.106684143,0
0,89.35330669,0.054146527,4.743423938,0,32.2817277,175.7575758,49.25373134,0.07188723,0
-1,89.35330669,0.036097685,5.073713131,0,31.3801068,189.1730605,58.33333333,0.068992871,0
0,91.97721335,0.034065123,5.424559597,0,33.43030626,156.6320646,57.14285714,0.045205437,1
0,94.14257934,0.032710082,5.78170635,0.033333333,33.66417228,118.0132914,52.94117647,0,0
0,94.8390541,0.025140055,6.115977603,0,32.92214134,116.6666667,49.20634921,0.016438726,0
0,98.01899291,0.046760036,6.483277673,0,32.48174201,102.8806584,48.38709677,0.027398974,0
0,98.48555789,0.041173358,6.858313727,0,33.4802706,130.7550645,52.23880597,0.058063801,0
0,98.97049435,0.040782238,7.232522349,0,33.69391834,125.1515152,66.15384615,0.067911206,0
1,79.80487543,0.020521492,7.547333636,0,33.66504283,142.4197531,77.14285714,0.05487661,1
1,79.80487543,0.013680995,7.787638605,0,31.40787405,129.7101449,77.14285714,0.039609138,1
0,65.5289886,0.00578733,7.93973835,0.109090909,29.09683156,85.92592593,60,-0.029558802,0
1,42.64392589,-0.002808447,7.991868501,0.133333333,27.7399315,73.11643836,77.77777778,-0.029558802,0
0,10.29270496,-0.041872298,7.858750825,0.052631579,23.87081528,82.70042194,75.43859649,0.019802627,1
0,8.013076575,-0.037914865,7.573454495,0.666666667,20.75348943,-46.94835681,22.85714286,-0.083381609,1
0,6.014829754,-0.035276577,7.165089817,0.923076923,19.78563131,-68.6716792,13.43283582,-0.114113307,1
0,5.348005091,-0.026851051,6.676166022,1,19.06741011,-94.32098765,-3.125,-0.033152207,0
0,48.31927431,-0.001234034,6.190450595,0.892857143,22.04802585,-73.58024691,-3.36E-14,-0.005509656,0
0,19.3418345,-0.037489356,5.622635696,0.857142857,20.31859729,-68.6716792,3.03030303,0.022223137,1
0,53.53805365,0.005007096,5.098846672,1,18.84885726,-111.4219114,-14.28571429,-0.039441732,0
0,75.7832892,0.046671397,4.73170388,0.59375,22.42850686,-27.89598109,2.43902439,0.02710193,0
0,78.19274275,0.037780932,4.487252423,0.375,25.89248865,19.04761905,-1.265822785,0.10880286,0
0,86.34462955,0.051853954,4.388951833,0.28125,28.48670556,39.80815348,-1.265822785,0.052095112,0
0,30.59317218,-0.052097364,4.155527972,0.125,24.75695962,77.5308642,-5.263157895,0.040409538,1
0,33.08579811,-0.031398243,3.848539962,0.9,21.19391514,-84.47387785,-28.71287129,-0.107053996,0
0,67.78941648,0.045734505,3.67396776,0.466666667,27.97628224,15.81920904,-9.259259259,-0.061243625,0
1,50.21161907,0.00048967,3.505778336,0.066666667,28.65934929,107.5217736,1.666666667,0.132117965,1
1,67.21428996,0.040326447,3.443478644,0.428571429,26.84503105,25.57077626,-10.9375,0,0
1,78.31988757,0.066884298,3.540778616,0,29.87951143,158.0645161,20.3125,0.038839833,0
0,83.80549777,0.071256199,3.785807771,0,32.14064573,167.6375405,26.86567164,0.137470991,0
1,53.40289644,0.007504132,4.001471784,0,29.65060388,153.9435809,32.8358209,0.055569851,1
1,53.40289644,0.005002755,4.177047135,0,27.36727589,126.0961437,31.29770992,0.018182319,1
0,80.25888599,0.070001837,4.464029562,0.208333333,26.90831388,63.68715084,21.42857143,-0.046091107,0
0,85.33139043,0.073334558,4.851138749,0,28.22361134,117.9775281,35.61643836,0.017857617,0
0,91.23999107,0.095556372,5.366589341,0,30.56698514,139.5189003,34.26573427,0.10724553,0
1,91.23999107,0.063704248,5.913438568,0,27.52938024,118.9542484,30.88235294,0.043296806,0
0,37.63705979,-0.030863835,6.274835131,0,25.21626469,136.0239163,34.26573427,0.041499731,1
0,26.8727888,-0.053909223,6.414718552,0.173913043,22.96505867,74.74874372,21.33333333,-0.00851069,1
0,24.74928589,-0.042606149,6.379636338,0.5,21.38360409,-3.663003663,29.07801418,-0.120836473,0
1,14.46324323,-0.068404099,6.135558059,0.5,20.04566361,-16.45021645,21.875,-0.070826053,1
1,14.46324323,-0.045602733,5.759072903,0.5,18.78022422,-26.08695652,13.79310345,0,1
-1,11.0262737,-0.043735155,5.276393238,1,17.52277739,-150.0369549,10,-0.076227365,0
0,5.830520048,-0.062490103,4.66480433,1,16.34425289,-139.7027601,-8,-0.076227365,1
0,3.416006226,-0.074993402,3.915404358,1,14.9742454,-165,-25.49019608,-0.050772325,1
0,1.957137439,-0.089995602,3.012033001,1,13.78198551,-173.5086438,-37.6146789,-0.109770666,1
0,1.482341405,-0.079997068,1.997736494,1,12.96058252,-171.2365591,-44.26229508,-0.133531393,1
0,1.254151236,-0.063331378,0.930320976,1,12.62686888,-144.2982456,-41.88034188,-0.10474683,1
1,35.82875445,-0.018887586,-0.063919353,1,13.82794777,-122.8486647,-61.9047619,-0.042559614,0
0,35.82875445,-0.012591724,-0.963565711,1,13.43750373,-104.5977011,-78.94736842,-0.012345836,0
0,32.20434461,-0.011727816,-1.766190156,0.917647059,14.12702253,-73.64341085,-66.66666667,0.042559614,1
0,53.41198366,0.002181456,-2.437978339,0.917808219,13.87813896,-66.66666667,-84.94623656,0.036589447,0
0,32.8560908,-0.011879029,-3.024126295,0.842105263,15.12955314,-49.6100373,-76.19047619,0.011834458,1
0,57.43065644,0.00541398,-3.484968676,0.912280702,14.55896747,-56.38116846,-72.22222222,-0.006006024,0
0,76.65509964,0.02360932,-3.78197028,0.859649123,17.55115868,-38.21029083,-65.33333333,-0.005899722,0
1,36.00508677,-0.017593786,-4.042580271,0.658536585,16.37010311,2.115442732,-53.08641975,0.052798186,1
0,24.37275523,-0.031729191,-4.313849644,0.926829268,15.04608585,-59.40366972,-50,-0.030032287,1
0,22.55131553,-0.024486127,-4.579384268,1,14.52513563,-107.6923077,-53.08641975,-0.095881772,0
0,50.36914305,0.000342582,-4.772244312,1,14.87725639,-107.6923077,-46.47887324,-0.030962226,0
1,19.25205983,-0.049771612,-5.041284818,0.75,13.54284472,-38.99371069,-28.125,0.024845999,1
0,19.25205983,-0.033181075,-5.336777247,0.75,12.34991305,-33.5174954,-9.803921569,0.024845999,1
0,8.732390607,-0.06545405,-5.752796264,1,10.7618657,-236.3636364,-25.80645161,-0.103317614,1
0,27.11377567,-0.0303027,-6.176985175,1,10.20660106,-242.3215203,-33.33333333,-0.166496516,0
0,44.02415876,-0.006868467,-6.533983086,0.945945946,11.80955074,-160.3818616,-29.57746479,-0.048790164,0
0,37.49902739,-0.011245644,-6.838629188,0.864864865,12.40416147,-109.7163121,-37.31343284,0.035590945,1
0,12.9764859,-0.064163763,-7.26067251,0.945945946,11.23877665,-103.1210986,-39.13043478,0,1
0,29.29552873,-0.029442509,-7.683857266,1,10.30581402,-150.4287245,-55.55555556,-0.134530893,0
0,38.01351779,-0.012961672,-8.052067136,0.92,12.35064129,-108.0701754,-45.67901235,-0.081830018,0
0,51.47559744,0.001358885,-8.318976345,0.88,11.96252938,-86.47269015,-47.5,0.046883586,0
1,56.22867462,0.004239257,-8.480642343,0.769230769,13.67858493,-63.96551724,-53.24675325,0.038027396,0
0,79.87920919,0.029492838,-8.460519503,0.763157895,15.68382984,-57.38798856,-45.45454545,0.022642477,0
1,81.7301306,0.022995225,-8.297043655,0.552631579,16.58310874,-1.43E-12,-24.63768116,0.057987258,0
1,81.7301306,0.01533015,-8.033275619,0.552631579,15.23932243,10.24978467,-24.63768116,0.057987258,0
1,81.7301306,0.0102201,-7.702089546,0.552631579,14.0161759,28.32800852,-32.30769231,0,0
1,81.7301306,0.0068134,-7.328399145,0.227272727,12.90105315,54.73823724,-32.30769231,0,0
0,97.71212752,0.054542267,-6.765536654,0,19.67961805,240.5997693,19.40298507,0.119346758,0
0,98.92950281,0.079694844,-5.959692517,0,23.37473439,194.6127946,38.98305085,0.125577307,0
0,99.14056624,0.06646323,-4.993013793,0,23.89030269,209.3886463,47.05882353,0.072320662,0
0,76.51235291,0.030975486,-4.010485267,0,23.38426561,158.9536138,47.05882353,0.083381609,1
0,83.55157265,0.037316991,-3.012688522,0.06,24.95484329,111.2943872,47.05882353,0,0
0,87.90235304,0.038211327,-2.014749587,0,24.68137526,105.8419244,89.47368421,0.005698021,0
0,91.91310533,0.042140885,-1.020062768,0,27.17507401,113.7931034,90,0.061991676,0
0,51.18580031,0.001427257,-0.157479057,0,25.65882985,106.8481848,90,0.04987183,1
1,67.42451489,0.020951504,0.632407605,0.098039216,25.88483248,76.96969697,74.19354839,-0.016529302,0
1,67.42451489,0.01396767,1.331498877,0.11627907,23.88861225,68.06919121,74.19354839,-0.027398974,0
0,33.74615139,-0.017354887,1.858603607,0.046511628,22.30106524,74.62382045,71.92982456,0.016529302,1
0,30.8562832,-0.014903258,2.23657997,0.209302326,21.16500839,33.33333333,53.125,-0.022472856,0
0,38.7269984,-0.006602172,2.505246032,0.209302326,20.78491859,24.86575795,53.125,-0.039002158,0
0,54.32479458,0.002265219,2.703766176,0.28,20.89087816,31.11111111,54.54545455,0.011299555,1
0,39.31327721,-0.005156521,2.823176197,0.416666667,19.94592319,-24.79871176,29.41176471,-0.005698021,0
0,62.57925958,0.006562319,2.907584372,0.692307692,19.27524979,-33.12757202,29.41176471,-0.011299555,0
1,39.73115564,-0.00562512,2.93142751,0.461538462,20.55474366,18.91891892,16.27906977,0.022599832,1
0,68.49127153,0.012916586,2.954744232,0.692307692,21.06513049,-49.88505747,2.325581395,0,0
0,26.60113129,-0.028055609,2.86963716,0.7,19.33902132,-16.53543307,14.28571429,-0.005602256,1
0,10.63521367,-0.078703739,2.54842069,1,16.23494906,-246.6244726,-20,-0.058496207,1
0,25.53341848,-0.039135826,2.125094808,1,14.58638694,-329.2433538,-55.17241379,-0.164503713,0
0,33.80949465,-0.019423884,1.672731745,0.8125,16.22038713,-165.4997463,-45.16129032,-0.055741983,1
0,20.28372427,-0.039615923,1.144169772,0.84375,15.0386451,-128.7953795,-41.37931034,0.03257617,1
0,13.98814218,-0.046410615,0.531783848,1,13.61440398,-180.0315956,-54.05405405,-0.114603383,0
0,61.6276165,0.022392923,0.053349884,0.948717949,20.74776055,-132.7721661,-56.16438356,-0.09402895,0
1,76.35865439,0.054928615,-0.198290099,0.307692308,21.52152059,8.588957055,-9.89010989,0.17635139,0
0,76.35865439,0.036619077,-0.29469617,0.307692308,20.53927789,12.77372263,-9.89010989,0.162166755,0
0,76.35865439,0.024412718,-0.2885158,0.307692308,19.57705032,18.37976305,-12.35955056,0,0
0,84.64703103,0.032941812,-0.170257269,0.051282051,21.0800638,79.47986045,2.083333333,0.05815592,0
0,69.93582609,0.015294541,-0.007356064,0.051282051,21.13567031,78.66161616,1.052631579,0.05815592,0
0,81.79837384,0.026863028,0.22155329,0,20.9847379,85.69616239,-1.075268817,0.005633818,0
0,88.56582169,0.034575352,0.524724992,0,22.45657915,94.55337691,4.347826087,0.016807118,0
0,56.85653953,0.006383568,0.809842266,0,21.77476614,108.1508516,5.376344086,0.027702603,1
0,61.04108562,0.007589045,1.075470669,0.093023256,20.5644575,74.36118289,15.29411765,-0.005571045,0
1,75.37283176,0.018392697,1.348276543,0.046511628,22.33360398,76.72955975,41.66666667,-0.010989122,0
0,48.57115559,-0.001071535,1.571270202,0,21.44726734,87.29314421,40,0.032970019,1
0,11.20794096,-0.08404769,1.52034467,0.2,17.7753739,29.36431107,25.64102564,-0.028013036,1
0,62.76507596,0.043968206,1.570863556,0.76744186,13.75316033,-142.7747748,13.95348837,-0.196475304,0
0,60.99425924,0.025978804,1.668591169,0,12.44018567,110.8504399,37.81512605,0.060624622,1
0,60.99425924,0.017319203,1.786244147,0.057142857,12.20625139,86.19957537,18.75,0.196475304,0
1,51.23671355,0.001546135,1.878823519,0.057142857,11.96396621,79.67479675,18.75,-0.010752792,1
0,63.05670692,0.01436409,1.981924269,0.114285714,12.69359795,50.19920319,16.32653061,-0.010869672,0
0,72.90739038,0.022909393,2.116458678,0,13.29308013,100.0632511,11.82795699,0.016086138,0
1,75.37015912,0.018606262,2.266672886,0,13.63631663,108.6060606,13.68421053,0.037537919,0
